{
"type": "FeatureCollection",
"name": "ricarica_colonnine",
"crs": { "type": "name", "properties": { "name": "urn:ogc:def:crs:OGC:1.3:CRS84" } },
"features": [
{ "type": "Feature", "properties": { "id_amat": 1, "municipio": "7", "id_sottonil": "76", "id_nil": "56", "nome_nil": "FORZE ARMATE", "cerchia": "EXTRA-FILOVIARIA", "ambito_id": "36", "ambito_nome": "Bisceglie", "attuazione": "4", "tipologia": "QN", "titolare": "A2A Energy Solutions", "id_via": "6709", "nome_via": "VIA LUCCA", "localita": "VIA LUCCA 14", "numero_col": "2", "numero_pdr": "4", "infra": "AC Normal", "progetto": "ELECTRIC CITY MOVERS - ISOLE DIGITALI", "note": "attiva_revampizzata_revoca_70451/2013-70452/2013", "ordinanza": "215/2023-216/2023", "anno": "2023" }, "geometry": { "type": "Point", "coordinates": [ 9.112836716769262, 45.455714852139025 ] } },
{ "type": "Feature", "properties": { "id_amat": 2, "municipio": "6", "id_sottonil": "75", "id_nil": "52", "nome_nil": "BANDE NERE", "cerchia": "EXTRA-FILOVIARIA", "ambito_id": "36", "ambito_nome": "Bisceglie", "attuazione": "4", "tipologia": "QN", "titolare": "A2A Energy Solutions", "id_via": "6614", "nome_via": "PIAZZALE GIOVANNI DELLE BANDE NERE", "localita": "PIAZZALE GIOVANNI DALLE BANDE NERE 9", "numero_col": "2", "numero_pdr": "4", "infra": "AC Normal", "progetto": "ELECTRIC CITY MOVERS - ISOLE DIGITALI", "note": "attiva_revampizzata_revoca_546/2016", "ordinanza": "1339/2022-1340/2022", "anno": "2022" }, "geometry": { "type": "Point", "coordinates": [ 9.136118481700265, 45.461409670013808 ] } },
{ "type": "Feature", "properties": { "id_amat": 3, "municipio": "8", "id_sottonil": "19", "id_nil": "76", "nome_nil": "QUARTO OGGIARO", "cerchia": "EXTRA-FILOVIARIA", "ambito_id": "40", "ambito_nome": "Ferroviaria Nord-Ovest", "attuazione": "4", "tipologia": "QN", "titolare": "A2A Energy Solutions", "id_via": "7452", "nome_via": "VIA FATTORI GIOVANNI", "localita": "VIA FATTORI GIOVANNI 6", "numero_col": "2", "numero_pdr": "4", "infra": "AC Normal", "progetto": "ELECTRIC CITY MOVERS - ISOLE DIGITALI", "note": "attiva_revampizzata_revoca_70248/2013-70249/2013", "ordinanza": "1213/2022-1214/2022", "anno": "2022" }, "geometry": { "type": "Point", "coordinates": [ 9.135338391135745, 45.507363174557049 ] } },
{ "type": "Feature", "properties": { "id_amat": 6, "municipio": "9", "id_sottonil": "71", "id_nil": "11", "nome_nil": "ISOLA", "cerchia": "FILOVIARIA", "ambito_id": "10", "ambito_nome": "Farini", "attuazione": "4", "tipologia": "QN", "titolare": "A2A Energy Solutions", "id_via": "1172", "nome_via": "VIA THAON DI REVEL GENOVA", "localita": "VIA THAON DI REVEL GENOVA", "numero_col": "2", "numero_pdr": "4", "infra": "AC Normal", "progetto": "ELECTRIC CITY MOVERS - ISOLE DIGITALI", "note": "attiva_revampizzata_revoca_70373/2013-70374/2013", "ordinanza": "97/2023-98/2023 ", "anno": "2023" }, "geometry": { "type": "Point", "coordinates": [ 9.189085164950326, 45.490791557419435 ] } },
{ "type": "Feature", "properties": { "id_amat": 7, "municipio": "9", "id_sottonil": "31", "id_nil": "14", "nome_nil": "NIGUARDA - CA' GRANDA", "cerchia": "EXTRA-FILOVIARIA", "ambito_id": "43", "ambito_nome": "Zara - Testi", "attuazione": "4", "tipologia": "QN", "titolare": "A2A Energy Solutions", "id_via": "1523", "nome_via": "PIAZZA DELL'OSPEDALE MAGGIORE", "localita": "PIAZZA DELL'OSPEDALE MAGGIORE 10", "numero_col": "2", "numero_pdr": "4", "infra": "AC Normal", "progetto": "ELECTRIC CITY MOVERS - ISOLE DIGITALI", "note": "attiva_revampizzata_revoca_69606/2013-69607/2013", "ordinanza": "348/2023-349/2023", "anno": "2023" }, "geometry": { "type": "Point", "coordinates": [ 9.190289498117812, 45.50864763853189 ] } },
{ "type": "Feature", "properties": { "id_amat": 8, "municipio": "9", "id_sottonil": "49", "id_nil": "77", "nome_nil": "BOVISA", "cerchia": "EXTRA-FILOVIARIA", "ambito_id": "42", "ambito_nome": "Intorni Di Stazioni Della Linea Metropolitana M3 Comasina", "attuazione": "4", "tipologia": "QN", "titolare": "A2A Energy Solutions", "id_via": "1726", "nome_via": "PIAZZA ALFIERI EMILIO ", "localita": "PIAZZA ALFIERI EMILIO", "numero_col": "2", "numero_pdr": "4", "infra": "AC Normal", "progetto": "ELECTRIC CITY MOVERS - ISOLE DIGITALI", "note": "attiva_revampizzata_revoca_69947/2013-69948/2013", "ordinanza": "1195/2022-1196/2022", "anno": "2022" }, "geometry": { "type": "Point", "coordinates": [ 9.160813157571789, 45.503247108875634 ] } },
{ "type": "Feature", "properties": { "id_amat": 9, "municipio": "9", "id_sottonil": "50", "id_nil": "79", "nome_nil": "DERGANO", "cerchia": "EXTRA-FILOVIARIA", "ambito_id": "42", "ambito_nome": "Intorni Di Stazioni Della Linea Metropolitana M3 Comasina", "attuazione": "4", "tipologia": "QN", "titolare": "A2A Energy Solutions", "id_via": "1311", "nome_via": "VIA IMBONATI CARLO", "localita": "VIA IMBONATI CARLO 22", "numero_col": "2", "numero_pdr": "4", "infra": "AC Normal", "progetto": "ELECTRIC CITY MOVERS - ISOLE DIGITALI", "note": "attiva_revampizzata_revoca_70406/2013-70407/2013", "ordinanza": "1216/2022-1217/2022", "anno": "2022" }, "geometry": { "type": "Point", "coordinates": [ 9.182778055701455, 45.500993051459133 ] } },
{ "type": "Feature", "properties": { "id_amat": 11, "municipio": "1", "id_sottonil": "35", "id_nil": "1", "nome_nil": "DUOMO", "cerchia": "BASTIONI", "ambito_id": "1", "ambito_nome": "Centro storico", "attuazione": "4", "tipologia": "QN", "titolare": "A2A Energy Solutions", "id_via": "190", "nome_via": "VIA HOEPLI ULRICO", "localita": "VIA HOEPLI ULRICO 10", "numero_col": "4", "numero_pdr": "8", "infra": "AC Normal", "progetto": "ELECTRIC CITY MOVERS - ISOLE DIGITALI", "note": "attiva_revampizzata_revoca_68573/2012-68574/2012", "ordinanza": "1158/2022-1159/2022  ", "anno": "2022" }, "geometry": { "type": "Point", "coordinates": [ 9.192662856906859, 45.466415911041118 ] } },
{ "type": "Feature", "properties": { "id_amat": 12, "municipio": "4", "id_sottonil": "78", "id_nil": "27", "nome_nil": "PORTA ROMANA", "cerchia": "FILOVIARIA", "ambito_id": "16", "ambito_nome": "Libia", "attuazione": "4", "tipologia": "QN", "titolare": "A2A Energy Solutions", "id_via": "4068", "nome_via": "CORSO LODI", "localita": "CORSO LODI 5", "numero_col": "2", "numero_pdr": "4", "infra": "AC Normal", "progetto": "ELECTRIC CITY MOVERS - ISOLE DIGITALI", "note": "attiva_revampizzata_revoca_70446/2013-70447/2013", "ordinanza": "1282/2022-1283/2022 ", "anno": "2022" }, "geometry": { "type": "Point", "coordinates": [ 9.203632845136882, 45.451457092498131 ] } },
{ "type": "Feature", "properties": { "id_amat": 13, "municipio": "1", "id_sottonil": "35", "id_nil": "1", "nome_nil": "DUOMO", "cerchia": "BASTIONI", "ambito_id": "1", "ambito_nome": "Centro storico", "attuazione": "4", "tipologia": "QN", "titolare": "A2A Energy Solutions", "id_via": "318", "nome_via": "VIA LARGA", "localita": "VIA LARGA 7", "numero_col": "2", "numero_pdr": "4", "infra": "AC Normal", "progetto": "ELECTRIC CITY MOVERS - ISOLE DIGITALI", "note": "attiva_revampizzata_revoca_69963/2013-69964/2013", "ordinanza": "964/2022-965/2022", "anno": "2022" }, "geometry": { "type": "Point", "coordinates": [ 9.193577136163894, 45.462149032491332 ] } },
{ "type": "Feature", "properties": { "id_amat": 14, "municipio": "1", "id_sottonil": "37", "id_nil": "7", "nome_nil": "MAGENTA - S. VITTORE", "cerchia": "BASTIONI", "ambito_id": "1", "ambito_nome": "Centro storico", "attuazione": "4", "tipologia": "Q", "titolare": "A2A Energy Solutions", "id_via": "601", "nome_via": "PIAZZALE CADORNA LUIGI", "localita": "PIAZZALE CADORNA LUIGI 1", "numero_col": "3", "numero_pdr": "6", "infra": "AC Normal", "progetto": "ELECTRIC CITY MOVERS - ISOLE DIGITALI ", "note": "attiva_revampizzata", "ordinanza": "70467/2013", "anno": "2021" }, "geometry": { "type": "Point", "coordinates": [ 9.177603672457337, 45.467629357112969 ] } },
{ "type": "Feature", "properties": { "id_amat": 15, "municipio": "1", "id_sottonil": "34", "id_nil": "2", "nome_nil": "BRERA", "cerchia": "BASTIONI", "ambito_id": "1", "ambito_nome": "Centro storico", "attuazione": "4", "tipologia": "N", "titolare": "A2A Energy Solutions", "id_via": "719", "nome_via": "VIA CUSANI", "localita": "VIA CUSANI 10", "numero_col": "1", "numero_pdr": "2", "infra": "AC Normal", "progetto": "ELECTRIC CITY MOVERS - ISOLE DIGITALI", "note": "attiva_revampizzata_revoca_70486/2013-70487/2013-46/2023", "ordinanza": "579/2023", "anno": "2023" }, "geometry": { "type": "Point", "coordinates": [ 9.18389455138402, 45.468714296269809 ] } },
{ "type": "Feature", "properties": { "id_amat": 16, "municipio": "2", "id_sottonil": "88", "id_nil": "10", "nome_nil": "CENTRALE", "cerchia": "FILOVIARIA", "ambito_id": "12", "ambito_nome": "Lazzaretto - Buenos Aires", "attuazione": "4", "tipologia": "QN", "titolare": "A2A Energy Solutions", "id_via": "1200", "nome_via": "PIAZZA DUCA D'AOSTA", "localita": "PIAZZA DUCA D'AOSTA 16", "numero_col": "2", "numero_pdr": "4", "infra": "AC Normal", "progetto": "ELECTRIC CITY MOVERS - ISOLE DIGITALI", "note": "attiva_revampizzata_revoca_69432/2013-69433/2013", "ordinanza": "1002/2022-1003/2022", "anno": "2022" }, "geometry": { "type": "Point", "coordinates": [ 9.204908053196657, 45.484483570668651 ] } },
{ "type": "Feature", "properties": { "id_amat": 17, "municipio": "1", "id_sottonil": "33", "id_nil": "4", "nome_nil": "GUASTALLA", "cerchia": "BASTIONI", "ambito_id": "14", "ambito_nome": "Piave - Bixio", "attuazione": "4", "tipologia": "N", "titolare": "A2A Energy Solutions", "id_via": "3053", "nome_via": "PIAZZA CINQUE GIORNATE", "localita": "PIAZZA CINQUE GIORNATE 3", "numero_col": "1", "numero_pdr": "2", "infra": "AC Normal", "progetto": "ELECTRIC CITY MOVERS - ISOLE DIGITALI", "note": "attiva_revampizzata_revoca_543/2016", "ordinanza": "221/2023", "anno": "2023" }, "geometry": { "type": "Point", "coordinates": [ 9.206964738779787, 45.46275473540944 ] } },
{ "type": "Feature", "properties": { "id_amat": 18, "municipio": "2", "id_sottonil": "67", "id_nil": "16", "nome_nil": "VIALE MONZA", "cerchia": "EXTRA-FILOVIARIA", "ambito_id": "30", "ambito_nome": "Monza", "attuazione": "4", "tipologia": "QN", "titolare": "A2A Energy Solutions", "id_via": "2707", "nome_via": "PIAZZALE MARTESANA", "localita": "PIAZZALE MARTESANA 2", "numero_col": "2", "numero_pdr": "4", "infra": "AC Normal", "progetto": "ELECTRIC CITY MOVERS - ISOLE DIGITALI", "note": "attiva_revampizzata_revoca_70799/2013-70801/2013", "ordinanza": "224/2023-225/2023", "anno": "2023" }, "geometry": { "type": "Point", "coordinates": [ 9.223765509527381, 45.508919756431006 ] } },
{ "type": "Feature", "properties": { "id_amat": 21, "municipio": "3", "id_sottonil": "28", "id_nil": "22", "nome_nil": "CITTA' STUDI", "cerchia": "EXTRA-FILOVIARIA", "ambito_id": "31", "ambito_nome": "Argonne", "attuazione": "4", "tipologia": "QN", "titolare": "A2A Energy Solutions", "id_via": "2208", "nome_via": "PIAZZA LEONARDO DA VINCI", "localita": "PIAZZA LEONARDO DA VINCI", "numero_col": "2", "numero_pdr": "4", "infra": "AC Normal", "progetto": "ELECTRIC CITY MOVERS - ISOLE DIGITALI", "note": "attiva_revampizzata_revoca_70371/2013-70372/2013", "ordinanza": "219/2023-220/2023", "anno": "2023" }, "geometry": { "type": "Point", "coordinates": [ 9.226331244058809, 45.479192730617292 ] } },
{ "type": "Feature", "properties": { "id_amat": 22, "municipio": "3", "id_sottonil": "28", "id_nil": "22", "nome_nil": "CITTA' STUDI", "cerchia": "EXTRA-FILOVIARIA", "ambito_id": "31", "ambito_nome": "Argonne", "attuazione": "4", "tipologia": "N", "titolare": "A2A Energy Solutions", "id_via": "2571", "nome_via": "VIA PACINI GIOVANNI", "localita": "VIA PACINI GIOVANNI 74", "numero_col": "1", "numero_pdr": "2", "infra": "AC Normal", "progetto": "ELECTRIC CITY MOVERS - ISOLE DIGITALI", "note": "attiva_revampizzata_revoca_70083/2013", "ordinanza": "1065/2022 ", "anno": "2022" }, "geometry": { "type": "Point", "coordinates": [ 9.235417634618475, 45.484276527685793 ] } },
{ "type": "Feature", "properties": { "id_amat": 24, "municipio": "4", "id_sottonil": "84", "id_nil": "26", "nome_nil": "XXII MARZO", "cerchia": "FILOVIARIA", "ambito_id": "16", "ambito_nome": "Libia", "attuazione": "4", "tipologia": "QN", "titolare": "A2A Energy Solutions", "id_via": "3071", "nome_via": "VIA ANFOSSI AUGUSTO", "localita": "VIA ANFOSSI AUGUSTO-LARGO Marinai d'Italia", "numero_col": "2", "numero_pdr": "4", "infra": "AC Normal", "progetto": "ELECTRIC CITY MOVERS - ISOLE DIGITALI", "note": "attiva_revampizzata_revoca_70471/2013-70472/2013", "ordinanza": "1341/2022-1342/2022", "anno": "2022" }, "geometry": { "type": "Point", "coordinates": [ 9.214521756604327, 45.459076382368693 ] } },
{ "type": "Feature", "properties": { "id_amat": 25, "municipio": "5", "id_sottonil": "89", "id_nil": "5", "nome_nil": "VIGENTINA", "cerchia": "FILOVIARIA", "ambito_id": "18", "ambito_nome": "Bocconi", "attuazione": "4", "tipologia": "QN", "titolare": "A2A Energy Solutions", "id_via": "4050", "nome_via": "VIA BOCCONI FERDINANDO", "localita": "VIA BOCCONI FERDINANDO 26", "numero_col": "2", "numero_pdr": "4", "infra": "AC Normal", "progetto": "ELECTRIC CITY MOVERS - ISOLE DIGITALI", "note": "attiva_revampizzata_revoca_70496/2013-70497/2013", "ordinanza": "1315/2022-1316/2022", "anno": "2022" }, "geometry": { "type": "Point", "coordinates": [ 9.19072910417071, 45.447996912244605 ] } },
{ "type": "Feature", "properties": { "id_amat": 26, "municipio": "6", "id_sottonil": "41", "id_nil": "46", "nome_nil": "BARONA", "cerchia": "EXTRA-FILOVIARIA", "ambito_id": "25", "ambito_nome": "Abbiategrasso", "attuazione": "4", "tipologia": "N", "titolare": "A2A Energy Solutions", "id_via": "5353", "nome_via": "VIALE FAMAGOSTA", "localita": "VIALE FAMAGOSTA-Metro", "numero_col": "2", "numero_pdr": "4", "infra": "AC Normal", "progetto": "ELECTRIC CITY MOVERS - ISOLE DIGITALI ", "note": "attiva_revampizzata_revoca_70210/2013", "ordinanza": "934/2022", "anno": "2022" }, "geometry": { "type": "Point", "coordinates": [ 9.169169943628162, 45.437301971912028 ] } },
{ "type": "Feature", "properties": { "id_amat": 27, "municipio": "8", "id_sottonil": "81", "id_nil": "68", "nome_nil": "PAGANO", "cerchia": "FILOVIARIA", "ambito_id": "2", "ambito_nome": "Fiera", "attuazione": "4", "tipologia": "Q", "titolare": "A2A Energy Solutions", "id_via": "6088", "nome_via": "VIA DEL BURCHIELLO", "localita": "VIA DEL BURCHIELLO 1-Giardino Pallavicini", "numero_col": "2", "numero_pdr": "4", "infra": "AC Normal", "progetto": "ELECTRIC CITY MOVERS - ISOLE DIGITALI", "note": "attiva_revampizzata_revoca_70376/2013", "ordinanza": "1086/2022", "anno": "2022" }, "geometry": { "type": "Point", "coordinates": [ 9.160164652725669, 45.468505266637465 ] } },
{ "type": "Feature", "properties": { "id_amat": 28, "municipio": "1", "id_sottonil": "35", "id_nil": "1", "nome_nil": "DUOMO", "cerchia": "BASTIONI", "ambito_id": "1", "ambito_nome": "Centro storico", "attuazione": "3", "tipologia": "N", "titolare": "A2A Energy Solutions", "id_via": "331", "nome_via": "LARGO RICHINI FRANCESCO", "localita": "LARGO RICHINI FRANCESCO 7", "numero_col": "1", "numero_pdr": "2", "infra": "AC Normal", "progetto": "PROGETTO E-MOVING", "note": "attiva", "ordinanza": "594/2016", "anno": "2016" }, "geometry": { "type": "Point", "coordinates": [ 9.192843904593483, 45.459223442234091 ] } },
{ "type": "Feature", "properties": { "id_amat": 29, "municipio": "1", "id_sottonil": "35", "id_nil": "1", "nome_nil": "DUOMO", "cerchia": "BASTIONI", "ambito_id": "1", "ambito_nome": "Centro storico", "attuazione": "3", "tipologia": "F", "titolare": "A2A Energy Solutions", "id_via": "641", "nome_via": "VIA SANTA VALERIA", "localita": "VIA SANTA VALERIA 5", "numero_col": "1", "numero_pdr": "2", "infra": "AC-DC Fast", "progetto": "PROGETTO E-MOVING", "note": "attiva", "ordinanza": "521/2016", "anno": "2016" }, "geometry": { "type": "Point", "coordinates": [ 9.177512459020567, 45.463300093093224 ] } },
{ "type": "Feature", "properties": { "id_amat": 31, "municipio": "1", "id_sottonil": "33", "id_nil": "4", "nome_nil": "GUASTALLA", "cerchia": "BASTIONI", "ambito_id": "5", "ambito_nome": "Romana - Vittoria", "attuazione": "3", "tipologia": "N", "titolare": "A2A Energy Solutions", "id_via": "348", "nome_via": "CORSO MONFORTE", "localita": "CORSO MONFORTE 40", "numero_col": "1", "numero_pdr": "2", "infra": "AC Normal", "progetto": "PROGETTO E-MOVING", "note": "attiva_revoca_595/2016", "ordinanza": "33/2023", "anno": "2016" }, "geometry": { "type": "Point", "coordinates": [ 9.203804045923102, 45.467364997248637 ] } },
{ "type": "Feature", "properties": { "id_amat": 32, "municipio": "1", "id_sottonil": "37", "id_nil": "7", "nome_nil": "MAGENTA - S. VITTORE", "cerchia": "BASTIONI", "ambito_id": "7", "ambito_nome": "Magenta - San Vittore", "attuazione": "3", "tipologia": "N", "titolare": "A2A Energy Solutions", "id_via": "6157", "nome_via": "VIA METASTASIO", "localita": "VIA METASTASIO 5", "numero_col": "1", "numero_pdr": "2", "infra": "AC Normal", "progetto": "PROGETTO E-MOVING", "note": "attiva", "ordinanza": "534/2016", "anno": "2016" }, "geometry": { "type": "Point", "coordinates": [ 9.174045135056646, 45.468364867931967 ] } },
{ "type": "Feature", "properties": { "id_amat": 33, "municipio": "1", "id_sottonil": "57", "id_nil": "3", "nome_nil": "GIARDINI PORTA VENEZIA", "cerchia": "BASTIONI", "ambito_id": "4", "ambito_nome": "Venezia", "attuazione": "3", "tipologia": "F", "titolare": "A2A Energy Solutions", "id_via": "1052", "nome_via": "VIA DANIELE MANIN", "localita": "VIA MANIN DANIELE 37", "numero_col": "1", "numero_pdr": "2", "infra": "AC-DC Fast", "progetto": "PROGETTO E-MOVING", "note": "attiva", "ordinanza": "759/2016", "anno": "2016" }, "geometry": { "type": "Point", "coordinates": [ 9.198308339395236, 45.477001515728887 ] } },
{ "type": "Feature", "properties": { "id_amat": 34, "municipio": "1", "id_sottonil": "35", "id_nil": "1", "nome_nil": "DUOMO", "cerchia": "BASTIONI", "ambito_id": "1", "ambito_nome": "Centro storico", "attuazione": "3", "tipologia": "N", "titolare": "A2A Energy Solutions", "id_via": "197", "nome_via": "LARGO MATTIOLI RAFFAELE", "localita": "LARGO MATTIOLI RAFFAELE 3", "numero_col": "1", "numero_pdr": "2", "infra": "AC Normal", "progetto": "PROGETTO E-MOVING", "note": "attiva", "ordinanza": "535/2016", "anno": "2016" }, "geometry": { "type": "Point", "coordinates": [ 9.191638950567574, 45.466965250534109 ] } },
{ "type": "Feature", "properties": { "id_amat": 35, "municipio": "1", "id_sottonil": "33", "id_nil": "4", "nome_nil": "GUASTALLA", "cerchia": "BASTIONI", "ambito_id": "5", "ambito_nome": "Romana - Vittoria", "attuazione": "3", "tipologia": "N", "titolare": "A2A Energy Solutions", "id_via": "3014", "nome_via": "VIA FREGUGLIA CARLO", "localita": "VIA FREGUGLIA CARLO 2", "numero_col": "1", "numero_pdr": "2", "infra": "AC Normal", "progetto": "PROGETTO E-MOVING", "note": "attiva", "ordinanza": "10/2019", "anno": "2019" }, "geometry": { "type": "Point", "coordinates": [ 9.200382919929549, 45.461927036704878 ] } },
{ "type": "Feature", "properties": { "id_amat": 36, "municipio": "1", "id_sottonil": "33", "id_nil": "4", "nome_nil": "GUASTALLA", "cerchia": "BASTIONI", "ambito_id": "5", "ambito_nome": "Romana - Vittoria", "attuazione": "3", "tipologia": "F", "titolare": "A2A Energy Solutions", "id_via": "3014", "nome_via": "VIA FREGUGLIA CARLO", "localita": "VIA FREGUGLIA CARLO 2", "numero_col": "1", "numero_pdr": "2", "infra": "AC-DC Fast", "progetto": "PROGETTO E-MOVING", "note": "attiva", "ordinanza": "10/2019", "anno": "2019" }, "geometry": { "type": "Point", "coordinates": [ 9.200382919929549, 45.461927036704878 ] } },
{ "type": "Feature", "properties": { "id_amat": 37, "municipio": "1", "id_sottonil": "35", "id_nil": "1", "nome_nil": "DUOMO", "cerchia": "BASTIONI", "ambito_id": "1", "ambito_nome": "Centro storico", "attuazione": "3", "tipologia": "N", "titolare": "A2A Energy Solutions", "id_via": "628", "nome_via": "PIAZZA EDISON TOMMASO ", "localita": "PIAZZA EDISON TOMMASO 4", "numero_col": "1", "numero_pdr": "2", "infra": "AC Normal", "progetto": "PROGETTO E-MOVING", "note": "attiva_revoca_599/2016", "ordinanza": "1077/2024", "anno": "2016" }, "geometry": { "type": "Point", "coordinates": [ 9.184458186220942, 45.464460841762062 ] } },
{ "type": "Feature", "properties": { "id_amat": 38, "municipio": "1", "id_sottonil": "35", "id_nil": "1", "nome_nil": "DUOMO", "cerchia": "BASTIONI", "ambito_id": "1", "ambito_nome": "Centro storico", "attuazione": "3", "tipologia": "N", "titolare": "A2A Energy Solutions", "id_via": "620", "nome_via": "VIA SANTA MARIA ALLA PORTA", "localita": "VIA SANTA MARIA ALLA PORTA 11", "numero_col": "1", "numero_pdr": "2", "infra": "AC Normal", "progetto": "PROGETTO E-MOVING", "note": "attiva", "ordinanza": "694/2016", "anno": "2016" }, "geometry": { "type": "Point", "coordinates": [ 9.18079527779132, 45.465458421626622 ] } },
{ "type": "Feature", "properties": { "id_amat": 41, "municipio": "2", "id_sottonil": "71", "id_nil": "11", "nome_nil": "ISOLA", "cerchia": "FILOVIARIA", "ambito_id": "11", "ambito_nome": "Sondrio", "attuazione": "3", "tipologia": "F", "titolare": "A2A Energy Solutions", "id_via": "1164", "nome_via": "VIA TARAMELLI TORQUATO", "localita": "VIA TARAMELLI TORQUATO 2-VIA Pola", "numero_col": "1", "numero_pdr": "2", "infra": "AC-DC Fast", "progetto": "PROGETTO E-MOVING", "note": "attiva_revoca_402/2016", "ordinanza": "1233/2022", "anno": "2016" }, "geometry": { "type": "Point", "coordinates": [ 9.193025956695537, 45.489371619875442 ] } },
{ "type": "Feature", "properties": { "id_amat": 42, "municipio": "3", "id_sottonil": "28", "id_nil": "22", "nome_nil": "CITTA' STUDI", "cerchia": "EXTRA-FILOVIARIA", "ambito_id": "31", "ambito_nome": "Argonne", "attuazione": "3", "tipologia": "F", "titolare": "A2A Energy Solutions", "id_via": "2208", "nome_via": "PIAZZA LEONARDO DA VINCI", "localita": "PIAZZA LEONARDO DA VINCI-VIA Ampere", "numero_col": "1", "numero_pdr": "2", "infra": "AC-DC Fast", "progetto": "PROGETTO E-MOVING", "note": "attiva_revoca_519/2016", "ordinanza": "724/2023", "anno": "2016" }, "geometry": { "type": "Point", "coordinates": [ 9.226341970536483, 45.479391536560676 ] } },
{ "type": "Feature", "properties": { "id_amat": 43, "municipio": "3", "id_sottonil": "86", "id_nil": "21", "nome_nil": "BUENOS AIRES - VENEZIA", "cerchia": "FILOVIARIA", "ambito_id": "14", "ambito_nome": "Piave - Bixio", "attuazione": "3", "tipologia": "F", "titolare": "A2A Energy Solutions", "id_via": "3118", "nome_via": "CORSO INDIPENDENZA", "localita": "CORSO INDIPENDENZA 23", "numero_col": "1", "numero_pdr": "2", "infra": "AC-DC Fast", "progetto": "PROGETTO E-MOVING", "note": "attiva", "ordinanza": "403/2016", "anno": "2016" }, "geometry": { "type": "Point", "coordinates": [ 9.215480462081537, 45.468303497144838 ] } },
{ "type": "Feature", "properties": { "id_amat": 44, "municipio": "3", "id_sottonil": "28", "id_nil": "22", "nome_nil": "CITTA' STUDI", "cerchia": "EXTRA-FILOVIARIA", "ambito_id": "31", "ambito_nome": "Argonne", "attuazione": "3", "tipologia": "N", "titolare": "A2A Energy Solutions", "id_via": "2571", "nome_via": "VIA PACINI GIOVANNI", "localita": "VIA PACINI GIOVANNI 72", "numero_col": "1", "numero_pdr": "2", "infra": "AC Normal", "progetto": "PROGETTO E-MOVING", "note": "attiva_revoca_1307/2016", "ordinanza": "1088/2022", "anno": "2016" }, "geometry": { "type": "Point", "coordinates": [ 9.235289956087714, 45.484232132944676 ] } },
{ "type": "Feature", "properties": { "id_amat": 45, "municipio": "4", "id_sottonil": "78", "id_nil": "27", "nome_nil": "PORTA ROMANA", "cerchia": "FILOVIARIA", "ambito_id": "16", "ambito_nome": "Libia", "attuazione": "3", "tipologia": "F", "titolare": "A2A Energy Solutions", "id_via": "4068", "nome_via": "CORSO LODI", "localita": "CORSO LODI 39", "numero_col": "1", "numero_pdr": "2", "infra": "AC-DC Fast", "progetto": "PROGETTO E-MOVING", "note": "attiva_revoca_554/2016", "ordinanza": "1573/2023", "anno": "2016" }, "geometry": { "type": "Point", "coordinates": [ 9.209476257120084, 45.44794387372783 ] } },
{ "type": "Feature", "properties": { "id_amat": 46, "municipio": "5", "id_sottonil": "89", "id_nil": "5", "nome_nil": "VIGENTINA", "cerchia": "FILOVIARIA", "ambito_id": "18", "ambito_nome": "Bocconi", "attuazione": "3", "tipologia": "N", "titolare": "A2A Energy Solutions", "id_via": "4202", "nome_via": "VIA SARFATTI ROBERTO", "localita": "VIA SARFATTI ROBERTO 23", "numero_col": "1", "numero_pdr": "2", "infra": "AC Normal", "progetto": "PROGETTO E-MOVING", "note": "attiva", "ordinanza": "540/2016", "anno": "2016" }, "geometry": { "type": "Point", "coordinates": [ 9.188273537462317, 45.44824305512924 ] } },
{ "type": "Feature", "properties": { "id_amat": 47, "municipio": "6", "id_sottonil": "58", "id_nil": "50", "nome_nil": "TORTONA", "cerchia": "FILOVIARIA", "ambito_id": "20", "ambito_nome": "Solari - Bergognone", "attuazione": "3", "tipologia": "N", "titolare": "A2A Energy Solutions", "id_via": "5130", "nome_via": "VIA BERGOGNONE", "localita": "VIA BERGOGNONE 47", "numero_col": "2", "numero_pdr": "4", "infra": "AC Normal", "progetto": "PROGETTO E-MOVING", "note": "attiva", "ordinanza": "691/2016", "anno": "2016" }, "geometry": { "type": "Point", "coordinates": [ 9.164542763056239, 45.452802602631728 ] } },
{ "type": "Feature", "properties": { "id_amat": 48, "municipio": "6", "id_sottonil": "59", "id_nil": "44", "nome_nil": "NAVIGLI", "cerchia": "FILOVIARIA", "ambito_id": "19", "ambito_nome": "Liguria - Romolo", "attuazione": "3", "tipologia": "N", "titolare": "A2A Energy Solutions", "id_via": "5114", "nome_via": "CORSO COLOMBO CRISTOFORO", "localita": "CORSO COLOMBO CRISTOFORO 17", "numero_col": "1", "numero_pdr": "2", "infra": "AC Normal", "progetto": "PROGETTO E-MOVING", "note": "attiva", "ordinanza": "617/2021", "anno": "2021" }, "geometry": { "type": "Point", "coordinates": [ 9.170601163428705, 45.453781062915212 ] } },
{ "type": "Feature", "properties": { "id_amat": 49, "municipio": "1", "id_sottonil": "37", "id_nil": "7", "nome_nil": "MAGENTA - S. VITTORE", "cerchia": "BASTIONI", "ambito_id": "7", "ambito_nome": "Magenta - San Vittore", "attuazione": "3", "tipologia": "N", "titolare": "A2A Energy Solutions", "id_via": "5103", "nome_via": "PIAZZALE CANTORE ANTONIO", "localita": "PIAZZALE CANTORE ANTONIO 2", "numero_col": "1", "numero_pdr": "2", "infra": "AC Normal", "progetto": "PROGETTO E-MOVING", "note": "attiva_revoca_536/2016", "ordinanza": "235/2022", "anno": "2016" }, "geometry": { "type": "Point", "coordinates": [ 9.173689200665777, 45.456165106186553 ] } },
{ "type": "Feature", "properties": { "id_amat": 50, "municipio": "7", "id_sottonil": "81", "id_nil": "68", "nome_nil": "PAGANO", "cerchia": "FILOVIARIA", "ambito_id": "2", "ambito_nome": "Fiera", "attuazione": "3", "tipologia": "N", "titolare": "A2A Energy Solutions", "id_via": "6186", "nome_via": "VIA PAGANO MARIO", "localita": "VIA PAGANO MARIO Area Parking", "numero_col": "2", "numero_pdr": "4", "infra": "AC Normal", "progetto": "PROGETTO E-MOVING", "note": "attiva_revoca_638/2016", "ordinanza": "786/2023", "anno": "2016" }, "geometry": { "type": "Point", "coordinates": [ 9.160294299117522, 45.467960874310883 ] } },
{ "type": "Feature", "properties": { "id_amat": 51, "municipio": "8", "id_sottonil": "81", "id_nil": "68", "nome_nil": "PAGANO", "cerchia": "FILOVIARIA", "ambito_id": "2", "ambito_nome": "Fiera", "attuazione": "3", "tipologia": "F", "titolare": "A2A Energy Solutions", "id_via": "6358", "nome_via": "PIAZZA SEI FEBBRAIO", "localita": "PIAZZA SEI FEBBRAIO 28", "numero_col": "1", "numero_pdr": "2", "infra": "AC-DC Fast", "progetto": "PROGETTO E-MOVING", "note": "attiva", "ordinanza": "398/2016", "anno": "2016" }, "geometry": { "type": "Point", "coordinates": [ 9.160451299991102, 45.477924850933455 ] } },
{ "type": "Feature", "properties": { "id_amat": 52, "municipio": "8", "id_sottonil": "55", "id_nil": "59", "nome_nil": "TRE TORRI", "cerchia": "FILOVIARIA", "ambito_id": "2", "ambito_nome": "Fiera", "attuazione": "3", "tipologia": "N", "titolare": "A2A Energy Solutions", "id_via": "6364", "nome_via": "VIALE BERENGARIO", "localita": "VIALE BERENGARIO-PIAZZA Amendola Giovanni ", "numero_col": "2", "numero_pdr": "4", "infra": "AC Normal", "progetto": "PROGETTO E-MOVING", "note": "attiva", "ordinanza": "707/2016", "anno": "2016" }, "geometry": { "type": "Point", "coordinates": [ 9.151520880381238, 45.474919805633832 ] } },
{ "type": "Feature", "properties": { "id_amat": 53, "municipio": "9", "id_sottonil": "49", "id_nil": "77", "nome_nil": "BOVISA", "cerchia": "EXTRA-FILOVIARIA", "ambito_id": "42", "ambito_nome": "Intorni Di Stazioni Della Linea Metropolitana M3 Comasina", "attuazione": "3", "tipologia": "F", "titolare": "A2A Energy Solutions", "id_via": "1466", "nome_via": "VIA DURANDO GIOVANNI ", "localita": "VIA DURANDO GIOVANNI 10", "numero_col": "1", "numero_pdr": "2", "infra": "AC-DC Fast", "progetto": "PROGETTO E-MOVING", "note": "attiva", "ordinanza": "520/2016", "anno": "2016" }, "geometry": { "type": "Point", "coordinates": [ 9.164158289984265, 45.504336380901378 ] } },
{ "type": "Feature", "properties": { "id_amat": 54, "municipio": "9", "id_sottonil": "82", "id_nil": "9", "nome_nil": "GARIBALDI REPUBBLICA", "cerchia": "FILOVIARIA", "ambito_id": "9", "ambito_nome": "Centro Direzionale", "attuazione": "3", "tipologia": "F", "titolare": "A2A Energy Solutions", "id_via": "1108", "nome_via": "VIA GIOIA MELCHIORRE", "localita": "VIA GIOIA MELCHIORRE 35", "numero_col": "1", "numero_pdr": "2", "infra": "AC-DC Fast", "progetto": "PROGETTO E-MOVING", "note": "attiva_revoca_600/2016", "ordinanza": "1095/2023", "anno": "2016" }, "geometry": { "type": "Point", "coordinates": [ 9.196288577800841, 45.485724320646831 ] } },
{ "type": "Feature", "properties": { "id_amat": 57, "municipio": "5", "id_sottonil": "91", "id_nil": "6", "nome_nil": "TICINESE", "cerchia": "FILOVIARIA", "ambito_id": "19", "ambito_nome": "Liguria - Romolo", "attuazione": "3", "tipologia": "F", "titolare": "NHP", "id_via": "5198", "nome_via": "VIALE COL DI LANA", "localita": "VIALE COL DI LANA 2", "numero_col": "1", "numero_pdr": "2", "infra": "AC-DC Fast", "progetto": "PROGETTO HORIZON 2020 - SHARING CITIES", "note": "attiva_revoca_1736/2019", "ordinanza": "250/2020", "anno": "2019" }, "geometry": { "type": "Point", "coordinates": [ 9.181681676272511, 45.452140631723708 ] } },
{ "type": "Feature", "properties": { "id_amat": 58, "municipio": "5", "id_sottonil": "89", "id_nil": "5", "nome_nil": "VIGENTINA", "cerchia": "FILOVIARIA", "ambito_id": "18", "ambito_nome": "Bocconi", "attuazione": "3", "tipologia": "F", "titolare": "NHP", "id_via": "4050", "nome_via": "VIA BOCCONI FERDINANDO", "localita": "VIA BOCCONI FERDINANDO 28", "numero_col": "1", "numero_pdr": "2", "infra": "AC-DC Fast", "progetto": "PROGETTO HORIZON 2020 - SHARING CITIES", "note": "attiva_revoca_1562/2019", "ordinanza": "252/2020", "anno": "2019" }, "geometry": { "type": "Point", "coordinates": [ 9.190744419224398, 45.447837992559023 ] } },
{ "type": "Feature", "properties": { "id_amat": 59, "municipio": "4", "id_sottonil": "39", "id_nil": "35", "nome_nil": "LODI - CORVETTO", "cerchia": "EXTRA-FILOVIARIA", "ambito_id": "35", "ambito_nome": "San Donato", "attuazione": "3", "tipologia": "N", "titolare": "NHP", "id_via": "4309", "nome_via": "VIA CASSINIS GIOVANNI BATTISTA", "localita": "VIA CASSINIS GIOVANNI BATTISTA 79", "numero_col": "1", "numero_pdr": "2", "infra": "AC Normal", "progetto": "PROGETTO HORIZON 2020 - SHARING CITIES", "note": "attiva_revoca 902/2020", "ordinanza": "1640/2023 ", "anno": "2020" }, "geometry": { "type": "Point", "coordinates": [ 9.237715112934678, 45.433647757070126 ] } },
{ "type": "Feature", "properties": { "id_amat": 60, "municipio": "4", "id_sottonil": "78", "id_nil": "27", "nome_nil": "PORTA ROMANA", "cerchia": "FILOVIARIA", "ambito_id": "16", "ambito_nome": "Libia", "attuazione": "3", "tipologia": "F", "titolare": "NHP", "id_via": "4068", "nome_via": "CORSO LODI", "localita": "CORSO LODI 5", "numero_col": "1", "numero_pdr": "2", "infra": "AC-DC Fast", "progetto": "PROGETTO HORIZON 2020 - SHARING CITIES", "note": "attiva_revoca_1792/2019_803/2020", "ordinanza": "1582/2023", "anno": "2019" }, "geometry": { "type": "Point", "coordinates": [ 9.203790918819911, 45.451342057781972 ] } },
{ "type": "Feature", "properties": { "id_amat": 61, "municipio": "6", "id_sottonil": "59", "id_nil": "44", "nome_nil": "NAVIGLI", "cerchia": "FILOVIARIA", "ambito_id": "19", "ambito_nome": "Liguria - Romolo", "attuazione": "3", "tipologia": "F", "titolare": "NHP", "id_via": "5103", "nome_via": "PIAZZALE CANTORE ANTONIO", "localita": "PIAZZALE CANTORE ANTONIO 12", "numero_col": "1", "numero_pdr": "2", "infra": "AC-DC Fast", "progetto": "PROGETTO HORIZON 2020 - SHARING CITIES", "note": "attiva_revoca_476/2020", "ordinanza": "236/2022", "anno": "2020" }, "geometry": { "type": "Point", "coordinates": [ 9.172934714860679, 45.455656335387211 ] } },
{ "type": "Feature", "properties": { "id_amat": 62, "municipio": "4", "id_sottonil": "39", "id_nil": "35", "nome_nil": "LODI - CORVETTO", "cerchia": "EXTRA-FILOVIARIA", "ambito_id": "35", "ambito_nome": "San Donato", "attuazione": "3", "tipologia": "F", "titolare": "NHP", "id_via": "4106", "nome_via": "VIA SILE", "localita": "VIA SILE 31", "numero_col": "1", "numero_pdr": "2", "infra": "AC-DC Fast", "progetto": "PROGETTO HORIZON 2020 - SHARING CITIES", "note": "attiva_revoca_1564/2019", "ordinanza": "251/2020", "anno": "2019" }, "geometry": { "type": "Point", "coordinates": [ 9.22270801524904, 45.439542142153194 ] } },
{ "type": "Feature", "properties": { "id_amat": 63, "municipio": "5", "id_sottonil": "17", "id_nil": "43", "nome_nil": "TIBALDI", "cerchia": "EXTRA-FILOVIARIA", "ambito_id": "25", "ambito_nome": "Abbiategrasso", "attuazione": "3", "tipologia": "F", "titolare": "NHP", "id_via": "5249", "nome_via": "PIAZZA CADUTI DEL LAVORO", "localita": "PIAZZA CADUTI DEL LAVORO 5", "numero_col": "1", "numero_pdr": "2", "infra": "AC-DC Fast", "progetto": "PROGETTO HORIZON 2020 - SHARING CITIES", "note": "attiva_revoca_1482/2019", "ordinanza": "891/2020", "anno": "2019" }, "geometry": { "type": "Point", "coordinates": [ 9.185539222972675, 45.443479493371285 ] } },
{ "type": "Feature", "properties": { "id_amat": 64, "municipio": "4", "id_sottonil": "25", "id_nil": "28", "nome_nil": "UMBRIA - MOLISE", "cerchia": "EXTRA-FILOVIARIA", "ambito_id": "17", "ambito_nome": "Martini", "attuazione": "3", "tipologia": "F", "titolare": "NHP", "id_via": "3220", "nome_via": "VIA CICERI VISCONTI LAURA", "localita": "VIA CICERI VISCONTI LAURA 2", "numero_col": "1", "numero_pdr": "2", "infra": "AC-DC Fast", "progetto": "PROGETTO HORIZON 2020 - SHARING CITIES", "note": "attiva_revoca_1748/2019_895/2020", "ordinanza": "1031/2024", "anno": "2019" }, "geometry": { "type": "Point", "coordinates": [ 9.220342261835947, 45.455300560811594 ] } },
{ "type": "Feature", "properties": { "id_amat": 66, "municipio": "8", "id_sottonil": "73", "id_nil": "58", "nome_nil": "DE ANGELI - MONTE ROSA", "cerchia": "FILOVIARIA", "ambito_id": "2", "ambito_nome": "Fiera", "attuazione": "3", "tipologia": "N", "titolare": "Sorgenia", "id_via": "6427", "nome_via": "VIA ALGARDI ALESSANDRO", "localita": "VIA ALGARDI ALESSANDRO 4", "numero_col": "5", "numero_pdr": "10", "infra": "AC Normal", "progetto": "PROGETTI PRIVATI PRIMA NUOVA PROCEDURA (ante 15.10.2018)", "note": "attiva", "ordinanza": "269/2018", "anno": "2018" }, "geometry": { "type": "Point", "coordinates": [ 9.145352652921009, 45.483645397326399 ] } },
{ "type": "Feature", "properties": { "id_amat": 67, "municipio": "4", "id_sottonil": "39", "id_nil": "35", "nome_nil": "LODI - CORVETTO", "cerchia": "EXTRA-FILOVIARIA", "ambito_id": "35", "ambito_nome": "San Donato", "attuazione": "3", "tipologia": "N", "titolare": "BeCharge", "id_via": "4171", "nome_via": "VIALE BACCHIGLIONE", "localita": "VIALE BACCHIGLIONE 21", "numero_col": "1", "numero_pdr": "2", "infra": "AC Normal", "progetto": "PROGETTI PRIVATI PRIMA NUOVA PROCEDURA (ante 15.10.2018)", "note": "attiva", "ordinanza": "319/2019", "anno": "2019" }, "geometry": { "type": "Point", "coordinates": [ 9.220470220196663, 45.443134185891822 ] } },
{ "type": "Feature", "properties": { "id_amat": 68, "municipio": "1", "id_sottonil": "33", "id_nil": "4", "nome_nil": "GUASTALLA", "cerchia": "BASTIONI", "ambito_id": "4", "ambito_nome": "Venezia", "attuazione": "3", "tipologia": "F", "titolare": "BeCharge", "id_via": "2102", "nome_via": "VIA PALESTRO", "localita": "VIA PALESTRO 16", "numero_col": "2", "numero_pdr": "4", "infra": "AC-DC Fast", "progetto": "PROGETTI PRIVATI NUOVA PROCEDURA (dopo 15.10.2018)", "note": "attiva", "ordinanza": "1500/2019", "anno": "2019" }, "geometry": { "type": "Point", "coordinates": [ 9.200516298990793, 45.472651234571885 ] } },
{ "type": "Feature", "properties": { "id_amat": 69, "municipio": "1", "id_sottonil": "34", "id_nil": "2", "nome_nil": "BRERA", "cerchia": "BASTIONI", "ambito_id": "1", "ambito_nome": "Centro storico", "attuazione": "3", "tipologia": "N", "titolare": "BeCharge", "id_via": "714", "nome_via": "VIA ARCO", "localita": "VIA ARCO 1", "numero_col": "1", "numero_pdr": "2", "infra": "AC Normal", "progetto": "PROGETTI PRIVATI NUOVA PROCEDURA (dopo 15.10.2018)", "note": "attiva", "ordinanza": "658/2019", "anno": "2019" }, "geometry": { "type": "Point", "coordinates": [ 9.184440225134246, 45.470486742025948 ] } },
{ "type": "Feature", "properties": { "id_amat": 70, "municipio": "2", "id_sottonil": "68", "id_nil": "13", "nome_nil": "GRECO", "cerchia": "EXTRA-FILOVIARIA", "ambito_id": "43", "ambito_nome": "Zara - Testi", "attuazione": "3", "tipologia": "N", "titolare": "BeCharge", "id_via": "1457", "nome_via": "VIA SAN RAFAEL DELLE ANDE", "localita": "VIA SAN RAFAEL DELLE ANDE 8", "numero_col": "1", "numero_pdr": "2", "infra": "AC Normal", "progetto": "PROGETTI PRIVATI NUOVA PROCEDURA (dopo 15.10.2018)", "note": "attiva", "ordinanza": "1441/2019", "anno": "2019" }, "geometry": { "type": "Point", "coordinates": [ 9.20967741632054, 45.499749432787368 ] } },
{ "type": "Feature", "properties": { "id_amat": 71, "municipio": "2", "id_sottonil": "87", "id_nil": "10", "nome_nil": "CENTRALE", "cerchia": "EXTRA-FILOVIARIA", "ambito_id": "43", "ambito_nome": "Zara - Testi", "attuazione": "3", "tipologia": "F", "titolare": "BeCharge", "id_via": "1202", "nome_via": "VIA SAMMARTINI GIOVANNI BATTISTA", "localita": "VIA SAMMARTINI GIOVANNI BATTISTA 4-6", "numero_col": "1", "numero_pdr": "2", "infra": "AC-DC Fast", "progetto": "PROGETTI PRIVATI NUOVA PROCEDURA (dopo 15.10.2018)", "note": "attiva_revoca_925/2019_275/2023", "ordinanza": "300/2023", "anno": "2019" }, "geometry": { "type": "Point", "coordinates": [ 9.207607441362452, 45.490804258698681 ] } },
{ "type": "Feature", "properties": { "id_amat": 73, "municipio": "3", "id_sottonil": "85", "id_nil": "21", "nome_nil": "BUENOS AIRES - VENEZIA", "cerchia": "EXTRA-FILOVIARIA", "ambito_id": "13", "ambito_nome": "Buenos Aires - Bacone", "attuazione": "3", "tipologia": "N", "titolare": "BeCharge", "id_via": "2216", "nome_via": "PIAZZALE PIOLA GABRIO", "localita": "PIAZZALE PIOLA GABRIO 1", "numero_col": "1", "numero_pdr": "2", "infra": "AC Normal", "progetto": "PROGETTI PRIVATI NUOVA PROCEDURA (dopo 15.10.2018)", "note": "attiva", "ordinanza": "924/2019", "anno": "2019" }, "geometry": { "type": "Point", "coordinates": [ 9.223112984763992, 45.479865267431023 ] } },
{ "type": "Feature", "properties": { "id_amat": 74, "municipio": "4", "id_sottonil": "78", "id_nil": "27", "nome_nil": "PORTA ROMANA", "cerchia": "FILOVIARIA", "ambito_id": "16", "ambito_nome": "Libia", "attuazione": "3", "tipologia": "N", "titolare": "BeCharge", "id_via": "4069", "nome_via": "VIA BOTTA CARLO", "localita": "VIA BOTTA CARLO 32", "numero_col": "1", "numero_pdr": "2", "infra": "AC Normal", "progetto": "PROGETTI PRIVATI NUOVA PROCEDURA (dopo 15.10.2018)", "note": "attiva_revoca_923/2019", "ordinanza": "133/2022 ", "anno": "2019" }, "geometry": { "type": "Point", "coordinates": [ 9.205669286385364, 45.454712691694141 ] } },
{ "type": "Feature", "properties": { "id_amat": 76, "municipio": "5", "id_sottonil": "36", "id_nil": "36", "nome_nil": "SCALO ROMANA", "cerchia": "EXTRA-FILOVIARIA", "ambito_id": null, "ambito_nome": null, "attuazione": "3", "tipologia": "N", "titolare": "BeCharge", "id_via": "4137", "nome_via": "VIA OROBIA", "localita": "VIA OROBIA 3", "numero_col": "1", "numero_pdr": "2", "infra": "AC Normal", "progetto": "PROGETTI PRIVATI NUOVA PROCEDURA (dopo 15.10.2018)", "note": "attiva", "ordinanza": "1357/2019", "anno": "2019" }, "geometry": { "type": "Point", "coordinates": [ 9.205548200016397, 45.443872903587121 ] } },
{ "type": "Feature", "properties": { "id_amat": 77, "municipio": "6", "id_sottonil": "13", "id_nil": "53", "nome_nil": "LORENTEGGIO", "cerchia": "EXTRA-FILOVIARIA", "ambito_id": "36", "ambito_nome": "Bisceglie", "attuazione": "3", "tipologia": "N", "titolare": "BeCharge", "id_via": "6664", "nome_via": "VIA VAL BAVONA", "localita": "VIA VAL BAVONA 21", "numero_col": "1", "numero_pdr": "2", "infra": "AC Normal", "progetto": "PROGETTI PRIVATI NUOVA PROCEDURA (dopo 15.10.2018)", "note": "attiva", "ordinanza": "1502/2019", "anno": "2019" }, "geometry": { "type": "Point", "coordinates": [ 9.124161800902018, 45.448404819743757 ] } },
{ "type": "Feature", "properties": { "id_amat": 78, "municipio": "6", "id_sottonil": "14", "id_nil": "49", "nome_nil": "GIAMBELLINO", "cerchia": "EXTRA-FILOVIARIA", "ambito_id": "36", "ambito_nome": "Bisceglie", "attuazione": "3", "tipologia": "N", "titolare": "BeCharge", "id_via": "5131", "nome_via": "PIAZZA NAPOLI", "localita": "PIAZZA NAPOLI 22", "numero_col": "1", "numero_pdr": "2", "infra": "AC Normal", "progetto": "PROGETTI PRIVATI NUOVA PROCEDURA (dopo 15.10.2018)", "note": "attiva", "ordinanza": "1442/2019", "anno": "2019" }, "geometry": { "type": "Point", "coordinates": [ 9.152529687557005, 45.453837544854018 ] } },
{ "type": "Feature", "properties": { "id_amat": 79, "municipio": "8", "id_sottonil": "72", "id_nil": "69", "nome_nil": "SARPI", "cerchia": "FILOVIARIA", "ambito_id": "23", "ambito_nome": "Sempione - Cenisio", "attuazione": "3", "tipologia": "F", "titolare": "BeCharge", "id_via": "7187", "nome_via": "VIA F.LLI SALVIONI", "localita": "VIA F.LLI SALVIONI 6", "numero_col": "1", "numero_pdr": "2", "infra": "AC-DC Fast", "progetto": "PROGETTI PRIVATI NUOVA PROCEDURA (dopo 15.10.2018)", "note": "attiva", "ordinanza": "595/2020", "anno": "2020" }, "geometry": { "type": "Point", "coordinates": [ 9.160665681772414, 45.485740376300832 ] } },
{ "type": "Feature", "properties": { "id_amat": 80, "municipio": "9", "id_sottonil": "82", "id_nil": "9", "nome_nil": "GARIBALDI REPUBBLICA", "cerchia": "FILOVIARIA", "ambito_id": "9", "ambito_nome": "Centro Direzionale", "attuazione": "3", "tipologia": "N", "titolare": "BeCharge", "id_via": "1112", "nome_via": "VIA VIGANO' FRANCESCO", "localita": "VIA VIGANO' FRANCESCO 8", "numero_col": "1", "numero_pdr": "2", "infra": "AC Normal", "progetto": "PROGETTI PRIVATI NUOVA PROCEDURA (dopo 15.10.2018)", "note": "attiva", "ordinanza": "1469/2019", "anno": "2019" }, "geometry": { "type": "Point", "coordinates": [ 9.189671665100333, 45.482580202803618 ] } },
{ "type": "Feature", "properties": { "id_amat": 81, "municipio": "9", "id_sottonil": "52", "id_nil": "15", "nome_nil": "BICOCCA", "cerchia": "EXTRA-FILOVIARIA", "ambito_id": "43", "ambito_nome": "Zara - Testi", "attuazione": "3", "tipologia": "N", "titolare": "BeCharge", "id_via": "1727", "nome_via": "VIALE PIRELLI PIERO ALBERTO", "localita": "VIALE PIRELLI PIERO ALBERTO 27", "numero_col": "1", "numero_pdr": "2", "infra": "AC Normal", "progetto": "PROGETTI PRIVATI NUOVA PROCEDURA (dopo 15.10.2018)", "note": "attiva", "ordinanza": "443/2020", "anno": "2020" }, "geometry": { "type": "Point", "coordinates": [ 9.214211799622118, 45.520900473964403 ] } },
{ "type": "Feature", "properties": { "id_amat": 82, "municipio": "1", "id_sottonil": "35", "id_nil": "1", "nome_nil": "DUOMO", "cerchia": "BASTIONI", "ambito_id": "1", "ambito_nome": "Centro storico", "attuazione": "3", "tipologia": "N", "titolare": "ENERMIA", "id_via": "324", "nome_via": "VIA RASTRELLI", "localita": "VIA RASTRELLI 2", "numero_col": "1", "numero_pdr": "2", "infra": "AC Normal", "progetto": "PROGETTI PRIVATI NUOVA PROCEDURA (dopo 15.10.2018)", "note": "attiva", "ordinanza": "1599/2019", "anno": "2019" }, "geometry": { "type": "Point", "coordinates": [ 9.190646924388842, 45.462617219933591 ] } },
{ "type": "Feature", "properties": { "id_amat": 83, "municipio": "1", "id_sottonil": "34", "id_nil": "2", "nome_nil": "BRERA", "cerchia": "BASTIONI", "ambito_id": "1", "ambito_nome": "Centro storico", "attuazione": "3", "tipologia": "N", "titolare": "ENERMIA", "id_via": "718", "nome_via": "VIA PONTE VETERO", "localita": "VIA PONTE VETERO 5", "numero_col": "1", "numero_pdr": "2", "infra": "AC Normal", "progetto": "PROGETTI PRIVATI NUOVA PROCEDURA (dopo 15.10.2018)", "note": "attiva", "ordinanza": "1501/2019", "anno": "2019" }, "geometry": { "type": "Point", "coordinates": [ 9.185196176855079, 45.469228997143063 ] } },
{ "type": "Feature", "properties": { "id_amat": 85, "municipio": "3", "id_sottonil": "7", "id_nil": "18", "nome_nil": "PARCO LAMBRO - CIMIANO", "cerchia": "EXTRA-FILOVIARIA", "ambito_id": null, "ambito_nome": null, "attuazione": "3", "tipologia": "F", "titolare": "BeCharge", "id_via": "2651", "nome_via": "PIAZZALE UDINE", "localita": "PIAZZALE UDINE 1", "numero_col": "1", "numero_pdr": "2", "infra": "AC-DC Fast", "progetto": "PROGETTI PRIVATI NUOVA PROCEDURA (dopo 15.10.2018)", "note": "attiva", "ordinanza": "1600/2019", "anno": "2019" }, "geometry": { "type": "Point", "coordinates": [ 9.236803084940206, 45.490743251075742 ] } },
{ "type": "Feature", "properties": { "id_amat": 86, "municipio": "9", "id_sottonil": "82", "id_nil": "9", "nome_nil": "GARIBALDI REPUBBLICA", "cerchia": "FILOVIARIA", "ambito_id": "9", "ambito_nome": "Centro Direzionale", "attuazione": "3", "tipologia": "N", "titolare": "ENNE EFFE HOTELS", "id_via": "1182", "nome_via": "VIA CORNALIA EMILIO", "localita": "VIA CORNALIA EMILIO-Via Cardano Geronimo", "numero_col": "4", "numero_pdr": "8", "infra": "AC Normal", "progetto": "PROGETTI PRIVATI NUOVA PROCEDURA (dopo 15.10.2018)", "note": "attiva", "ordinanza": "1498/2019", "anno": "2019" }, "geometry": { "type": "Point", "coordinates": [ 9.198144791581763, 45.485083941162998 ] } },
{ "type": "Feature", "properties": { "id_amat": 87, "municipio": "1", "id_sottonil": "34", "id_nil": "2", "nome_nil": "BRERA", "cerchia": "BASTIONI", "ambito_id": "3", "ambito_nome": "Garibaldi", "attuazione": "3", "tipologia": "N", "titolare": "A2A Energy Solutions", "id_via": "1016", "nome_via": "VIA DELLA MOSCOVA", "localita": "VIA DELLA MOSCOVA 52", "numero_col": "1", "numero_pdr": "2", "infra": "AC Normal", "progetto": "PROGETTI PRIVATI NUOVA PROCEDURA (dopo 15.10.2018)", "note": "attiva_revoca_1550/2020", "ordinanza": "590/2022", "anno": "2020" }, "geometry": { "type": "Point", "coordinates": [ 9.18500299987841, 45.477596201226014 ] } },
{ "type": "Feature", "properties": { "id_amat": 88, "municipio": "1", "id_sottonil": "37", "id_nil": "7", "nome_nil": "MAGENTA - S. VITTORE", "cerchia": "BASTIONI", "ambito_id": "7", "ambito_nome": "Magenta - San Vittore", "attuazione": "3", "tipologia": "N", "titolare": "A2A Energy Solutions", "id_via": "5097", "nome_via": "VIALE PAPINIANO", "localita": "VIALE PAPINIANO 27", "numero_col": "1", "numero_pdr": "2", "infra": "AC Normal", "progetto": "PROGETTI PRIVATI NUOVA PROCEDURA (dopo 15.10.2018)", "note": "attiva_revoca_1640/2020", "ordinanza": "1453/2024", "anno": "2020" }, "geometry": { "type": "Point", "coordinates": [ 9.167832702146228, 45.459588107422597 ] } },
{ "type": "Feature", "properties": { "id_amat": 89, "municipio": "1", "id_sottonil": "35", "id_nil": "1", "nome_nil": "DUOMO", "cerchia": "BASTIONI", "ambito_id": "1", "ambito_nome": "Centro storico", "attuazione": "3", "tipologia": "N", "titolare": "A2A Energy Solutions", "id_via": "555", "nome_via": "VIA CORRENTI CESARE", "localita": "VIA CORRENTI CESARE 2", "numero_col": "1", "numero_pdr": "2", "infra": "AC Normal", "progetto": "PROGETTI PRIVATI NUOVA PROCEDURA (dopo 15.10.2018)", "note": "attiva", "ordinanza": "1548/2020", "anno": "2020" }, "geometry": { "type": "Point", "coordinates": [ 9.180790087101151, 45.460107105715863 ] } },
{ "type": "Feature", "properties": { "id_amat": 90, "municipio": "2", "id_sottonil": "88", "id_nil": "10", "nome_nil": "CENTRALE", "cerchia": "FILOVIARIA", "ambito_id": "9", "ambito_nome": "Centro Direzionale", "attuazione": "3", "tipologia": "N", "titolare": "A2A Energy Solutions", "id_via": "1195", "nome_via": "VIA PIRELLI GIOVANNI BATTISTA", "localita": "VIA PIRELLI GIOVANNI BATTISTA 9", "numero_col": "1", "numero_pdr": "2", "infra": "AC Normal", "progetto": "PROGETTI PRIVATI NUOVA PROCEDURA (dopo 15.10.2018)", "note": "attiva", "ordinanza": "123/2021", "anno": "2021" }, "geometry": { "type": "Point", "coordinates": [ 9.200622412226597, 45.484114301801434 ] } },
{ "type": "Feature", "properties": { "id_amat": 91, "municipio": "2", "id_sottonil": "88", "id_nil": "10", "nome_nil": "CENTRALE", "cerchia": "FILOVIARIA", "ambito_id": "11", "ambito_nome": "Sondrio", "attuazione": "3", "tipologia": "N", "titolare": "A2A Energy Solutions", "id_via": "1198", "nome_via": "VIA TARRA GIULIO", "localita": "VIA TARRA GIULIO 1", "numero_col": "1", "numero_pdr": "2", "infra": "AC Normal", "progetto": "PROGETTI PRIVATI NUOVA PROCEDURA (dopo 15.10.2018)", "note": "attiva", "ordinanza": "1554/2020", "anno": "2020" }, "geometry": { "type": "Point", "coordinates": [ 9.20161617375906, 45.486780916388575 ] } },
{ "type": "Feature", "properties": { "id_amat": 92, "municipio": "2", "id_sottonil": "93", "id_nil": "12", "nome_nil": "MACIACHINI - MAGGIOLINA", "cerchia": "EXTRA-FILOVIARIA", "ambito_id": "43", "ambito_nome": "Zara - Testi", "attuazione": "3", "tipologia": "N", "titolare": "A2A Energy Solutions", "id_via": "1347", "nome_via": "PIAZZALE ISTRIA", "localita": "PIAZZALE ISTRIA 4", "numero_col": "1", "numero_pdr": "2", "infra": "AC Normal", "progetto": "PROGETTI PRIVATI NUOVA PROCEDURA (dopo 15.10.2018)", "note": "attiva", "ordinanza": "1222/2020", "anno": "2020" }, "geometry": { "type": "Point", "coordinates": [ 9.198516727864883, 45.501220351222699 ] } },
{ "type": "Feature", "properties": { "id_amat": 93, "municipio": "2", "id_sottonil": "94", "id_nil": "12", "nome_nil": "MACIACHINI - MAGGIOLINA", "cerchia": "FILOVIARIA", "ambito_id": "11", "ambito_nome": "Sondrio", "attuazione": "3", "tipologia": "N", "titolare": "A2A Energy Solutions", "id_via": "1362", "nome_via": "VIA MARTIGNONI ADELE", "localita": "VIA MARTIGNONI ADELE 12", "numero_col": "1", "numero_pdr": "2", "infra": "AC Normal", "progetto": "PROGETTI PRIVATI NUOVA PROCEDURA (dopo 15.10.2018)", "note": "attiva", "ordinanza": "1049/2020", "anno": "2020" }, "geometry": { "type": "Point", "coordinates": [ 9.19671941280064, 45.493388258454409 ] } },
{ "type": "Feature", "properties": { "id_amat": 94, "municipio": "2", "id_sottonil": "88", "id_nil": "10", "nome_nil": "CENTRALE", "cerchia": "FILOVIARIA", "ambito_id": "12", "ambito_nome": "Lazzaretto - Buenos Aires", "attuazione": "3", "tipologia": "N", "titolare": "A2A Energy Solutions", "id_via": "2121", "nome_via": "VIALE TUNISIA", "localita": "VIALE TUNISIA 40", "numero_col": "1", "numero_pdr": "2", "infra": "AC Normal", "progetto": "PROGETTI PRIVATI NUOVA PROCEDURA (dopo 15.10.2018)", "note": "attiva_revoca_1506/2020", "ordinanza": "290/2022", "anno": "2020" }, "geometry": { "type": "Point", "coordinates": [ 9.201294191735247, 45.479294692533962 ] } },
{ "type": "Feature", "properties": { "id_amat": 95, "municipio": "2", "id_sottonil": "88", "id_nil": "10", "nome_nil": "CENTRALE", "cerchia": "FILOVIARIA", "ambito_id": "12", "ambito_nome": "Lazzaretto - Buenos Aires", "attuazione": "3", "tipologia": "N", "titolare": "A2A Energy Solutions", "id_via": "2136", "nome_via": "VIA SCARLATTI DOMENICO", "localita": "VIA SCARLATTI DOMENICO 32-PIAZZA Luigi di Savoia", "numero_col": "1", "numero_pdr": "2", "infra": "AC Normal", "progetto": "PROGETTI PRIVATI NUOVA PROCEDURA (dopo 15.10.2018)", "note": "attiva_revoca_1360/2020", "ordinanza": "764/2022", "anno": "2020" }, "geometry": { "type": "Point", "coordinates": [ 9.206240270976895, 45.484578503822519 ] } },
{ "type": "Feature", "properties": { "id_amat": 96, "municipio": "2", "id_sottonil": "88", "id_nil": "10", "nome_nil": "CENTRALE", "cerchia": "FILOVIARIA", "ambito_id": "12", "ambito_nome": "Lazzaretto - Buenos Aires", "attuazione": "3", "tipologia": "N", "titolare": "A2A Energy Solutions", "id_via": "2262", "nome_via": "VIA SOPERGA", "localita": "VIA SOPERGA 25", "numero_col": "1", "numero_pdr": "2", "infra": "AC Normal", "progetto": "PROGETTI PRIVATI NUOVA PROCEDURA (dopo 15.10.2018)", "note": "attiva", "ordinanza": "1551/2020", "anno": "2020" }, "geometry": { "type": "Point", "coordinates": [ 9.210276674134443, 45.4886905906978 ] } },
{ "type": "Feature", "properties": { "id_amat": 97, "municipio": "2", "id_sottonil": "69", "id_nil": "20", "nome_nil": "LORETO", "cerchia": "EXTRA-FILOVIARIA", "ambito_id": "30", "ambito_nome": "Monza", "attuazione": "3", "tipologia": "N", "titolare": "A2A Energy Solutions", "id_via": "2263", "nome_via": "VIALE BRIANZA", "localita": "VIALE BRIANZA 6", "numero_col": "1", "numero_pdr": "2", "infra": "AC Normal", "progetto": "PROGETTI PRIVATI NUOVA PROCEDURA (dopo 15.10.2018)", "note": "attiva_revoca_1225/2020", "ordinanza": "73/2022", "anno": "2020" }, "geometry": { "type": "Point", "coordinates": [ 9.215279894838664, 45.48667345176559 ] } },
{ "type": "Feature", "properties": { "id_amat": 98, "municipio": "2", "id_sottonil": "69", "id_nil": "20", "nome_nil": "LORETO", "cerchia": "EXTRA-FILOVIARIA", "ambito_id": "30", "ambito_nome": "Monza", "attuazione": "3", "tipologia": "N", "titolare": "A2A Energy Solutions", "id_via": "2287", "nome_via": "VIA OXILIA NINO", "localita": "VIA OXILIA NINO 1", "numero_col": "1", "numero_pdr": "2", "infra": "AC Normal", "progetto": "PROGETTI PRIVATI NUOVA PROCEDURA (dopo 15.10.2018)", "note": "attiva_revoca_1542/2020", "ordinanza": "660/2022", "anno": "2020" }, "geometry": { "type": "Point", "coordinates": [ 9.216159291638943, 45.492848659631221 ] } },
{ "type": "Feature", "properties": { "id_amat": 99, "municipio": "2", "id_sottonil": "69", "id_nil": "20", "nome_nil": "LORETO", "cerchia": "EXTRA-FILOVIARIA", "ambito_id": "30", "ambito_nome": "Monza", "attuazione": "3", "tipologia": "N", "titolare": "A2A Energy Solutions", "id_via": "2310", "nome_via": "VIA GIACOSA GIUSEPPE", "localita": "VIA GIACOSA GIUSEPPE 3", "numero_col": "1", "numero_pdr": "2", "infra": "AC Normal", "progetto": "PROGETTI PRIVATI NUOVA PROCEDURA (dopo 15.10.2018)", "note": "attiva", "ordinanza": "1226/2020", "anno": "2020" }, "geometry": { "type": "Point", "coordinates": [ 9.222984755099258, 45.491420493784013 ] } },
{ "type": "Feature", "properties": { "id_amat": 100, "municipio": "2", "id_sottonil": "21", "id_nil": "19", "nome_nil": "PADOVA", "cerchia": "EXTRA-FILOVIARIA", "ambito_id": "30", "ambito_nome": "Monza", "attuazione": "3", "tipologia": "N", "titolare": "A2A Energy Solutions", "id_via": "2322", "nome_via": "VIA DELLA TORRE", "localita": "VIA DELLA TORRE 1", "numero_col": "1", "numero_pdr": "2", "infra": "AC Normal", "progetto": "PROGETTI PRIVATI NUOVA PROCEDURA (dopo 15.10.2018)", "note": "attiva_revoca_1549/2020", "ordinanza": "318/2023", "anno": "2020" }, "geometry": { "type": "Point", "coordinates": [ 9.22147570144721, 45.501053759421175 ] } },
{ "type": "Feature", "properties": { "id_amat": 101, "municipio": "8", "id_sottonil": "81", "id_nil": "68", "nome_nil": "PAGANO", "cerchia": "FILOVIARIA", "ambito_id": "2", "ambito_nome": "Fiera", "attuazione": "3", "tipologia": "N", "titolare": "Route 220", "id_via": "6188", "nome_via": "VIA ALBERTO DA GIUSSANO", "localita": "VIA ALBERTO DA GIUSSANO 23", "numero_col": "1", "numero_pdr": "2", "infra": "AC Normal", "progetto": "PROGETTI PRIVATI NUOVA PROCEDURA (dopo 15.10.2018)", "note": "attiva", "ordinanza": "1191/2020", "anno": "2020" }, "geometry": { "type": "Point", "coordinates": [ 9.161979241076381, 45.469814056935817 ] } },
{ "type": "Feature", "properties": { "id_amat": 108, "municipio": "1", "id_sottonil": "34", "id_nil": "2", "nome_nil": "BRERA", "cerchia": "BASTIONI", "ambito_id": "3", "ambito_nome": "Garibaldi", "attuazione": "3", "tipologia": "N", "titolare": "BeCharge", "id_via": "1036", "nome_via": "VIA SAN MARCO", "localita": "VIA SAN MARCO 18", "numero_col": "1", "numero_pdr": "2", "infra": "AC Normal", "progetto": "PROGETTI PRIVATI NUOVA PROCEDURA (dopo 15.10.2018)", "note": "attiva", "ordinanza": "442/2020", "anno": "2020" }, "geometry": { "type": "Point", "coordinates": [ 9.188448231730874, 45.47505439513683 ] } },
{ "type": "Feature", "properties": { "id_amat": 111, "municipio": "1", "id_sottonil": "35", "id_nil": "1", "nome_nil": "DUOMO", "cerchia": "BASTIONI", "ambito_id": "1", "ambito_nome": "Centro storico", "attuazione": "3", "tipologia": "N", "titolare": "ENEL X Mobility", "id_via": "655", "nome_via": "PIAZZA QUASIMODO SALVATORE", "localita": "PIAZZA QUASIMODO SALVATORE 6", "numero_col": "1", "numero_pdr": "2", "infra": "AC Normal", "progetto": "PROGETTI PRIVATI NUOVA PROCEDURA (dopo 15.10.2018)", "note": "attiva", "ordinanza": "1342/2021", "anno": "2021" }, "geometry": { "type": "Point", "coordinates": [ 9.184099825541495, 45.458812748142115 ] } },
{ "type": "Feature", "properties": { "id_amat": 112, "municipio": "1", "id_sottonil": "34", "id_nil": "2", "nome_nil": "BRERA", "cerchia": "BASTIONI", "ambito_id": "1", "ambito_nome": "Centro storico", "attuazione": "3", "tipologia": "N", "titolare": "ENEL X Mobility", "id_via": "712", "nome_via": "VIA TIVOLI", "localita": "VIA TIVOLI 3", "numero_col": "1", "numero_pdr": "2", "infra": "AC Normal", "progetto": "PROGETTI PRIVATI NUOVA PROCEDURA (dopo 15.10.2018)", "note": "attiva", "ordinanza": "1333/2021", "anno": "2021" }, "geometry": { "type": "Point", "coordinates": [ 9.183194455789115, 45.471843671492756 ] } },
{ "type": "Feature", "properties": { "id_amat": 114, "municipio": "1", "id_sottonil": "34", "id_nil": "2", "nome_nil": "BRERA", "cerchia": "BASTIONI", "ambito_id": "3", "ambito_nome": "Garibaldi", "attuazione": "3", "tipologia": "N", "titolare": "PowerPoint City Car", "id_via": "1030", "nome_via": "VIA LOVANIO", "localita": "VIA LOVANIO 3", "numero_col": "1", "numero_pdr": "2", "infra": "AC Normal", "progetto": "PROGETTI PRIVATI NUOVA PROCEDURA (dopo 15.10.2018)", "note": "attiva", "ordinanza": "1043/2020", "anno": "2020" }, "geometry": { "type": "Point", "coordinates": [ 9.186122148148922, 45.47688060115334 ] } },
{ "type": "Feature", "properties": { "id_amat": 115, "municipio": "1", "id_sottonil": "34", "id_nil": "2", "nome_nil": "BRERA", "cerchia": "BASTIONI", "ambito_id": "3", "ambito_nome": "Garibaldi", "attuazione": "3", "tipologia": "N", "titolare": "PowerPoint City Car", "id_via": "1055", "nome_via": "PIAZZA DELLA REPUBBLICA", "localita": "PIAZZA DELLA REPUBBLICA 3", "numero_col": "1", "numero_pdr": "2", "infra": "AC Normal", "progetto": "PROGETTI PRIVATI NUOVA PROCEDURA (dopo 15.10.2018)", "note": "attiva", "ordinanza": "1042/2020", "anno": "2020" }, "geometry": { "type": "Point", "coordinates": [ 9.195478417349761, 45.47766946860105 ] } },
{ "type": "Feature", "properties": { "id_amat": 117, "municipio": "2", "id_sottonil": "88", "id_nil": "10", "nome_nil": "CENTRALE", "cerchia": "FILOVIARIA", "ambito_id": "12", "ambito_nome": "Lazzaretto - Buenos Aires", "attuazione": "3", "tipologia": "N", "titolare": "BeCharge", "id_via": "2121", "nome_via": "VIALE TUNISIA", "localita": "VIALE TUNISIA 38", "numero_col": "1", "numero_pdr": "2", "infra": "AC Normal", "progetto": "PROGETTI PRIVATI NUOVA PROCEDURA (dopo 15.10.2018)", "note": "attiva", "ordinanza": "298/2022", "anno": "2022" }, "geometry": { "type": "Point", "coordinates": [ 9.201454928828067, 45.479221382240389 ] } },
{ "type": "Feature", "properties": { "id_amat": 118, "municipio": "2", "id_sottonil": "88", "id_nil": "10", "nome_nil": "CENTRALE", "cerchia": "FILOVIARIA", "ambito_id": "12", "ambito_nome": "Lazzaretto - Buenos Aires", "attuazione": "3", "tipologia": "F", "titolare": "ENEL X Mobility", "id_via": "2260", "nome_via": "PIAZZA LUIGI DI SAVOIA", "localita": "PIAZZA LUIGI DI SAVOIA", "numero_col": "1", "numero_pdr": "2", "infra": "AC-DC Fast", "progetto": "PROGETTI PRIVATI NUOVA PROCEDURA (dopo 15.10.2018)", "note": "attiva_revoca_1304/2021", "ordinanza": "763/2022", "anno": "2021" }, "geometry": { "type": "Point", "coordinates": [ 9.206996391544118, 45.486543659712737 ] } },
{ "type": "Feature", "properties": { "id_amat": 119, "municipio": "3", "id_sottonil": "86", "id_nil": "21", "nome_nil": "BUENOS AIRES - VENEZIA", "cerchia": "FILOVIARIA", "ambito_id": "12", "ambito_nome": "Lazzaretto - Buenos Aires", "attuazione": "3", "tipologia": "N", "titolare": "BeCharge", "id_via": "2235", "nome_via": "VIA PIERLUIGI GIOVANNI DA PALESTRINA", "localita": "VIA PIER LUIGI DA PALESTRINA 3", "numero_col": "1", "numero_pdr": "2", "infra": "AC Normal", "progetto": "PROGETTI PRIVATI NUOVA PROCEDURA (dopo 15.10.2018)", "note": "attiva_revoca_337/2020", "ordinanza": "74/2022", "anno": "2020" }, "geometry": { "type": "Point", "coordinates": [ 9.214559954205097, 45.484792775819301 ] } },
{ "type": "Feature", "properties": { "id_amat": 121, "municipio": "3", "id_sottonil": "86", "id_nil": "21", "nome_nil": "BUENOS AIRES - VENEZIA", "cerchia": "FILOVIARIA", "ambito_id": "13", "ambito_nome": "Buenos Aires - Bacone", "attuazione": "3", "tipologia": "N", "titolare": "ENEL X Mobility", "id_via": "2100", "nome_via": "PIAZZALE BACONE", "localita": "PIAZZALE BACONE 8", "numero_col": "1", "numero_pdr": "2", "infra": "AC Normal", "progetto": "PROGETTI PRIVATI NUOVA PROCEDURA (dopo 15.10.2018)", "note": "attiva", "ordinanza": "1301/2021", "anno": "2021" }, "geometry": { "type": "Point", "coordinates": [ 9.215056277549765, 45.480375288417989 ] } },
{ "type": "Feature", "properties": { "id_amat": 125, "municipio": "4", "id_sottonil": "83", "id_nil": "26", "nome_nil": "XXII MARZO", "cerchia": "EXTRA-FILOVIARIA", "ambito_id": "15", "ambito_nome": "Novelli", "attuazione": "3", "tipologia": "N", "titolare": "ENEL X Mobility", "id_via": "3141", "nome_via": "VIA CENA GIOVANNI", "localita": "VIA CENA GIOVANNI 23", "numero_col": "1", "numero_pdr": "2", "infra": "AC Normal", "progetto": "PROGETTI PRIVATI NUOVA PROCEDURA (dopo 15.10.2018)", "note": "attiva", "ordinanza": "50/2021", "anno": "2021" }, "geometry": { "type": "Point", "coordinates": [ 9.220106561265419, 45.46066530120315 ] } },
{ "type": "Feature", "properties": { "id_amat": 127, "municipio": "5", "id_sottonil": "78", "id_nil": "27", "nome_nil": "PORTA ROMANA", "cerchia": "FILOVIARIA", "ambito_id": "18", "ambito_nome": "Bocconi", "attuazione": "3", "tipologia": "N", "titolare": "A2A Energy Solutions", "id_via": "4211", "nome_via": "PIAZZA TRENTO", "localita": "PIAZZA TRENTO-VIALE Isonzo", "numero_col": "1", "numero_pdr": "2", "infra": "AC Normal", "progetto": "PROGETTI PRIVATI NUOVA PROCEDURA (dopo 15.10.2018)", "note": "attiva", "ordinanza": "1845/2021", "anno": "2021" }, "geometry": { "type": "Point", "coordinates": [ 9.203976932997431, 45.446910615318991 ] } },
{ "type": "Feature", "properties": { "id_amat": 128, "municipio": "5", "id_sottonil": "66", "id_nil": "38", "nome_nil": "RIPAMONTI", "cerchia": "EXTRA-FILOVIARIA", "ambito_id": null, "ambito_nome": null, "attuazione": "3", "tipologia": "N", "titolare": "ENEL X Mobility", "id_via": "4291", "nome_via": "VIA NOTO", "localita": "VIA NOTO 6", "numero_col": "1", "numero_pdr": "2", "infra": "AC Normal", "progetto": "PROGETTI PRIVATI NUOVA PROCEDURA (dopo 15.10.2018)", "note": "attiva_revoca_49/2021", "ordinanza": "204/2023", "anno": "2021" }, "geometry": { "type": "Point", "coordinates": [ 9.199529179976235, 45.430948092472327 ] } },
{ "type": "Feature", "properties": { "id_amat": 129, "municipio": "6", "id_sottonil": "41", "id_nil": "46", "nome_nil": "BARONA", "cerchia": "EXTRA-FILOVIARIA", "ambito_id": null, "ambito_nome": null, "attuazione": "3", "tipologia": "N", "titolare": "ENEL X Mobility", "id_via": "5429", "nome_via": "VIA DI RUDINI' ANTONIO", "localita": "VIA DI RUDINI' ANTONIO", "numero_col": "1", "numero_pdr": "2", "infra": "AC Normal", "progetto": "PROGETTI PRIVATI NUOVA PROCEDURA (dopo 15.10.2018)", "note": "attiva", "ordinanza": "47/2021", "anno": "2021" }, "geometry": { "type": "Point", "coordinates": [ 9.157797551700675, 45.43268669633283 ] } },
{ "type": "Feature", "properties": { "id_amat": 130, "municipio": "6", "id_sottonil": "58", "id_nil": "50", "nome_nil": "TORTONA", "cerchia": "FILOVIARIA", "ambito_id": "20", "ambito_nome": "Solari - Bergognone", "attuazione": "3", "tipologia": "F", "titolare": "BeCharge", "id_via": "5135", "nome_via": "VIA STENDHAL ENRICO", "localita": "VIA STENDHAL ENRICO 30", "numero_col": "1", "numero_pdr": "2", "infra": "AC-DC Fast", "progetto": "PROGETTI PRIVATI NUOVA PROCEDURA (dopo 15.10.2018)", "note": "attiva_revoca_336/2020", "ordinanza": "62/2022", "anno": "2020" }, "geometry": { "type": "Point", "coordinates": [ 9.160224419129333, 45.452118938876751 ] } },
{ "type": "Feature", "properties": { "id_amat": 131, "municipio": "6", "id_sottonil": "59", "id_nil": "44", "nome_nil": "NAVIGLI", "cerchia": "FILOVIARIA", "ambito_id": "19", "ambito_nome": "Liguria - Romolo", "attuazione": "3", "tipologia": "N", "titolare": "ENEL X Mobility", "id_via": "5153", "nome_via": "PIAZZA ARCOLE", "localita": "PIAZZA ARCOLE 4", "numero_col": "1", "numero_pdr": "2", "infra": "AC Normal", "progetto": "PROGETTI PRIVATI NUOVA PROCEDURA (dopo 15.10.2018)", "note": "attiva", "ordinanza": "1656/2021", "anno": "2021" }, "geometry": { "type": "Point", "coordinates": [ 9.172646054946318, 45.45006329804832 ] } },
{ "type": "Feature", "properties": { "id_amat": 133, "municipio": "7", "id_sottonil": "73", "id_nil": "58", "nome_nil": "DE ANGELI - MONTE ROSA", "cerchia": "FILOVIARIA", "ambito_id": "2", "ambito_nome": "Fiera", "attuazione": "3", "tipologia": "N", "titolare": "BeCharge", "id_via": "6280", "nome_via": "VIA MARGHERA", "localita": "VIA MARGHERA 18", "numero_col": "1", "numero_pdr": "2", "infra": "AC Normal", "progetto": "PROGETTI PRIVATI NUOVA PROCEDURA (dopo 15.10.2018)", "note": "attiva", "ordinanza": "594/2020", "anno": "2020" }, "geometry": { "type": "Point", "coordinates": [ 9.153347012096464, 45.467273742401638 ] } },
{ "type": "Feature", "properties": { "id_amat": 134, "municipio": "7", "id_sottonil": "75", "id_nil": "52", "nome_nil": "BANDE NERE", "cerchia": "EXTRA-FILOVIARIA", "ambito_id": "36", "ambito_nome": "Bisceglie", "attuazione": "3", "tipologia": "F", "titolare": "BeCharge", "id_via": "6597", "nome_via": "VIA RUBENS", "localita": "VIA RUBENS 3", "numero_col": "1", "numero_pdr": "2", "infra": "AC-DC Fast", "progetto": "PROGETTI PRIVATI NUOVA PROCEDURA (dopo 15.10.2018)", "note": "attiva_revoca_1202/2020", "ordinanza": "108/2022", "anno": "2020" }, "geometry": { "type": "Point", "coordinates": [ 9.145683419207936, 45.466936379672156 ] } },
{ "type": "Feature", "properties": { "id_amat": 135, "municipio": "7", "id_sottonil": "9", "id_nil": "60", "nome_nil": "S. SIRO", "cerchia": "EXTRA-FILOVIARIA", "ambito_id": "8", "ambito_nome": "San Siro", "attuazione": "3", "tipologia": "N", "titolare": "BeCharge", "id_via": "6569", "nome_via": "VIA CIVITALI MATTEO", "localita": "VIA CIVITALI MATTEO 75", "numero_col": "1", "numero_pdr": "2", "infra": "AC Normal", "progetto": "PROGETTI PRIVATI NUOVA PROCEDURA (dopo 15.10.2018)", "note": "attiva_revoca_927/2020", "ordinanza": "95/2022", "anno": "2020" }, "geometry": { "type": "Point", "coordinates": [ 9.128596479573433, 45.475091147197482 ] } },
{ "type": "Feature", "properties": { "id_amat": 137, "municipio": "8", "id_sottonil": "19", "id_nil": "76", "nome_nil": "QUARTO OGGIARO", "cerchia": "EXTRA-FILOVIARIA", "ambito_id": "40", "ambito_nome": "Ferroviaria Nord-Ovest", "attuazione": "3", "tipologia": "F", "titolare": "ENEL X Mobility", "id_via": "7562", "nome_via": "VIA CONFALONIERI GIULIO", "localita": "VIA CONFALONIERI GIULIO", "numero_col": "1", "numero_pdr": "2", "infra": "AC-DC Fast", "progetto": "PROGETTI PRIVATI NUOVA PROCEDURA (dopo 15.10.2018)", "note": "attiva", "ordinanza": "48/2021", "anno": "2021" }, "geometry": { "type": "Point", "coordinates": [ 9.139016925416406, 45.507914818498932 ] } },
{ "type": "Feature", "properties": { "id_amat": 138, "municipio": "8", "id_sottonil": "81", "id_nil": "68", "nome_nil": "PAGANO", "cerchia": "FILOVIARIA", "ambito_id": "2", "ambito_nome": "Fiera", "attuazione": "3", "tipologia": "N", "titolare": "PowerPoint City Car", "id_via": "6354", "nome_via": "VIA NIEVO IPPOLITO", "localita": "VIA NIEVO IPPOLITO 39", "numero_col": "1", "numero_pdr": "2", "infra": "AC Normal", "progetto": "PROGETTI PRIVATI NUOVA PROCEDURA (dopo 15.10.2018)", "note": "attiva_revoca_679/2020", "ordinanza": "479/2023", "anno": "2020" }, "geometry": { "type": "Point", "coordinates": [ 9.162611041144878, 45.477749764785031 ] } },
{ "type": "Feature", "properties": { "id_amat": 141, "municipio": "9", "id_sottonil": "24", "id_nil": "78", "nome_nil": "FARINI", "cerchia": "FILOVIARIA", "ambito_id": "10", "ambito_nome": "Farini", "attuazione": "3", "tipologia": "N", "titolare": "A2A Energy Solutions", "id_via": "1230", "nome_via": "VIALE JENNER EDOARDO", "localita": "VIALE JENNER EDOARDO 63", "numero_col": "1", "numero_pdr": "2", "infra": "AC Normal", "progetto": "PROGETTI PRIVATI NUOVA PROCEDURA (dopo 15.10.2018)", "note": "attiva", "ordinanza": "1857/2021", "anno": "2021" }, "geometry": { "type": "Point", "coordinates": [ 9.174150116192198, 45.496598594676762 ] } },
{ "type": "Feature", "properties": { "id_amat": 142, "municipio": "9", "id_sottonil": "82", "id_nil": "9", "nome_nil": "GARIBALDI REPUBBLICA", "cerchia": "FILOVIARIA", "ambito_id": "9", "ambito_nome": "Centro Direzionale", "attuazione": "3", "tipologia": "N", "titolare": "A2A Energy Solutions", "id_via": "1703", "nome_via": "VIA DI TOCQUEVILLE ALESSIO", "localita": "VIA DI TOCQUEVILLE ALESSIO 13", "numero_col": "1", "numero_pdr": "2", "infra": "AC Normal", "progetto": "PROGETTI PRIVATI NUOVA PROCEDURA (dopo 15.10.2018)", "note": "attiva", "ordinanza": "1084/2021", "anno": "2021" }, "geometry": { "type": "Point", "coordinates": [ 9.186368044647363, 45.482460343598241 ] } },
{ "type": "Feature", "properties": { "id_amat": 144, "municipio": "9", "id_sottonil": "31", "id_nil": "14", "nome_nil": "NIGUARDA - CA' GRANDA", "cerchia": "EXTRA-FILOVIARIA", "ambito_id": "43", "ambito_nome": "Zara - Testi", "attuazione": "3", "tipologia": "N", "titolare": "A2A Energy Solutions", "id_via": "1446", "nome_via": "VIALE GIOVANNI SUZZANI", "localita": "VIALE SUZZANI GIOVANNI 17", "numero_col": "1", "numero_pdr": "2", "infra": "AC Normal", "progetto": "PROGETTI PRIVATI NUOVA PROCEDURA (dopo 15.10.2018)", "note": "attiva", "ordinanza": "31/2022", "anno": "2022" }, "geometry": { "type": "Point", "coordinates": [ 9.19819611452847, 45.507251734117624 ] } },
{ "type": "Feature", "properties": { "id_amat": 145, "municipio": "9", "id_sottonil": "31", "id_nil": "14", "nome_nil": "NIGUARDA - CA' GRANDA", "cerchia": "EXTRA-FILOVIARIA", "ambito_id": "43", "ambito_nome": "Zara - Testi", "attuazione": "3", "tipologia": "N", "titolare": "A2A Energy Solutions", "id_via": "1526", "nome_via": "VIA GATTI FRANCESCO", "localita": "VIA GATTI FRANCESCO-VIALE Ca Granda", "numero_col": "1", "numero_pdr": "2", "infra": "AC Normal", "progetto": "PROGETTI PRIVATI NUOVA PROCEDURA (dopo 15.10.2018)", "note": "attiva", "ordinanza": "1853/2021", "anno": "2021" }, "geometry": { "type": "Point", "coordinates": [ 9.192030497145868, 45.508162308538644 ] } },
{ "type": "Feature", "properties": { "id_amat": 147, "municipio": "9", "id_sottonil": "31", "id_nil": "14", "nome_nil": "NIGUARDA - CA' GRANDA", "cerchia": "EXTRA-FILOVIARIA", "ambito_id": "43", "ambito_nome": "Zara - Testi", "attuazione": "3", "tipologia": "N", "titolare": "A2A Energy Solutions", "id_via": "1441", "nome_via": "VIALE TESTI FULVIO", "localita": "VIALE TESTI FULVIO 185-187", "numero_col": "1", "numero_pdr": "2", "infra": "AC Normal", "progetto": "PROGETTI PRIVATI NUOVA PROCEDURA (dopo 15.10.2018)", "note": "attiva", "ordinanza": "943/2022", "anno": "2022" }, "geometry": { "type": "Point", "coordinates": [ 9.206512631062663, 45.517402563764762 ] } },
{ "type": "Feature", "properties": { "id_amat": 148, "municipio": "9", "id_sottonil": "52", "id_nil": "15", "nome_nil": "BICOCCA", "cerchia": "EXTRA-FILOVIARIA", "ambito_id": "43", "ambito_nome": "Zara - Testi", "attuazione": "3", "tipologia": "N", "titolare": "A2A Energy Solutions", "id_via": "1727", "nome_via": "VIALE PIRELLI PIERO ALBERTO", "localita": "VIALE PIRELLI PIERO ALBERTO 10-VIA Polvani", "numero_col": "1", "numero_pdr": "2", "infra": "AC Normal", "progetto": "PROGETTI PRIVATI NUOVA PROCEDURA (dopo 15.10.2018)", "note": "attiva", "ordinanza": "1847/2021", "anno": "2021" }, "geometry": { "type": "Point", "coordinates": [ 9.209992552010082, 45.513069227446842 ] } },
{ "type": "Feature", "properties": { "id_amat": 150, "municipio": "9", "id_sottonil": "71", "id_nil": "11", "nome_nil": "ISOLA", "cerchia": "FILOVIARIA", "ambito_id": "9", "ambito_nome": "Centro Direzionale", "attuazione": "3", "tipologia": "F", "titolare": "BeCharge", "id_via": "1146", "nome_via": "VIA POLLAIUOLO ANTONIO", "localita": "VIA POLLAIUOLO ANTONIO 3", "numero_col": "1", "numero_pdr": "2", "infra": "AC-DC Fast", "progetto": "PROGETTI PRIVATI NUOVA PROCEDURA (dopo 15.10.2018)", "note": "attiva_revoca_426/2022", "ordinanza": "1297/2022", "anno": "2022" }, "geometry": { "type": "Point", "coordinates": [ 9.18740641952629, 45.488758686420617 ] } },
{ "type": "Feature", "properties": { "id_amat": 152, "municipio": "9", "id_sottonil": "31", "id_nil": "14", "nome_nil": "NIGUARDA - CA' GRANDA", "cerchia": "EXTRA-FILOVIARIA", "ambito_id": "43", "ambito_nome": "Zara - Testi", "attuazione": "3", "tipologia": "N", "titolare": "BeCharge", "id_via": "1523", "nome_via": "PIAZZA DELL'OSPEDALE MAGGIORE", "localita": "PIAZZA DELL'OSPEDALE MAGGIORE", "numero_col": "1", "numero_pdr": "2", "infra": "AC Normal", "progetto": "PROGETTI PRIVATI NUOVA PROCEDURA (dopo 15.10.2018)", "note": "attiva", "ordinanza": "372/2020", "anno": "2020" }, "geometry": { "type": "Point", "coordinates": [ 9.190192145740419, 45.509493968548455 ] } },
{ "type": "Feature", "properties": { "id_amat": 153, "municipio": "5", "id_sottonil": "78", "id_nil": "27", "nome_nil": "PORTA ROMANA", "cerchia": "FILOVIARIA", "ambito_id": "18", "ambito_nome": "Bocconi", "attuazione": "3", "tipologia": "F", "titolare": "NHP", "id_via": "4068", "nome_via": "CORSO LODI", "localita": "CORSO LODI 34", "numero_col": "1", "numero_pdr": "2", "infra": "AC-DC Fast", "progetto": "PROGETTO HORIZON 2020 - SHARING CITIES", "note": "attiva_revoca_1794/2019_801/2020", "ordinanza": "1572/2023", "anno": "2019" }, "geometry": { "type": "Point", "coordinates": [ 9.208579668906482, 45.448036749546816 ] } },
{ "type": "Feature", "properties": { "id_amat": 154, "municipio": "5", "id_sottonil": "22", "id_nil": "37", "nome_nil": "EX OM - MORIVIONE", "cerchia": "EXTRA-FILOVIARIA", "ambito_id": null, "ambito_nome": null, "attuazione": "3", "tipologia": "F", "titolare": "NHP", "id_via": "4227", "nome_via": "VIA PIETRASANTA", "localita": "VIA PIETRASANTA 8", "numero_col": "1", "numero_pdr": "2", "infra": "AC-DC Fast", "progetto": "PROGETTO HORIZON 2020 - SHARING CITIES", "note": "attiva_revoca_1596/2019", "ordinanza": "1278/2020", "anno": "2019" }, "geometry": { "type": "Point", "coordinates": [ 9.197322875595294, 45.443459727648523 ] } },
{ "type": "Feature", "properties": { "id_amat": 155, "municipio": "6", "id_sottonil": "15", "id_nil": "45", "nome_nil": "S. CRISTOFORO", "cerchia": "EXTRA-FILOVIARIA", "ambito_id": "25", "ambito_nome": "Abbiategrasso", "attuazione": "3", "tipologia": "F", "titolare": "A2A Energy Solutions", "id_via": "5492", "nome_via": "VIA CALINDRI ERNESTO", "localita": "VIA CALINDRI ERNESTO 1", "numero_col": "1", "numero_pdr": "2", "infra": "AC-DC Fast", "progetto": "PROGETTI PRIVATI NUOVA PROCEDURA (dopo 15.10.2018)", "note": "attiva_revoca_396/2022", "ordinanza": "427/2022", "anno": "2022" }, "geometry": { "type": "Point", "coordinates": [ 9.162594740101554, 45.442698333866069 ] } },
{ "type": "Feature", "properties": { "id_amat": 156, "municipio": "1", "id_sottonil": "92", "id_nil": "6", "nome_nil": "TICINESE", "cerchia": "BASTIONI", "ambito_id": "6", "ambito_nome": "Ticinese - Vigentina", "attuazione": "3", "tipologia": "N", "titolare": "BeCharge", "id_via": "5182", "nome_via": "VIA ARENA", "localita": "VIA ARENA-VIA Vetere", "numero_col": "1", "numero_pdr": "2", "infra": "AC Normal", "progetto": "PROGETTI PRIVATI NUOVA PROCEDURA (dopo 15.10.2018)", "note": "attiva", "ordinanza": "35/2022", "anno": "2022" }, "geometry": { "type": "Point", "coordinates": [ 9.179633793547865, 45.456426457365076 ] } },
{ "type": "Feature", "properties": { "id_amat": 157, "municipio": "1", "id_sottonil": "90", "id_nil": "5", "nome_nil": "VIGENTINA", "cerchia": "BASTIONI", "ambito_id": "6", "ambito_nome": "Ticinese - Vigentina", "attuazione": "3", "tipologia": "N", "titolare": "BeCharge", "id_via": "4011", "nome_via": "VIA MERCALLI GIUSEPPE", "localita": "VIA MERCALLI GIUSEPPE-PIAZZA Ferrari", "numero_col": "2", "numero_pdr": "4", "infra": "AC Normal", "progetto": "PROGETTI PRIVATI NUOVA PROCEDURA (dopo 15.10.2018)", "note": "attiva_revoca_1617/2021", "ordinanza": "507/2022", "anno": "2021" }, "geometry": { "type": "Point", "coordinates": [ 9.191746702055893, 45.455447537181037 ] } },
{ "type": "Feature", "properties": { "id_amat": 163, "municipio": "1", "id_sottonil": "35", "id_nil": "1", "nome_nil": "DUOMO", "cerchia": "BASTIONI", "ambito_id": "1", "ambito_nome": "Centro storico", "attuazione": "3", "tipologia": "N", "titolare": "A2A Energy Solutions", "id_via": "526", "nome_via": "CORSO ITALIA", "localita": "CORSO ITALIA 19", "numero_col": "1", "numero_pdr": "2", "infra": "AC Normal", "progetto": "PROGETTI PRIVATI NUOVA PROCEDURA (dopo 15.10.2018)", "note": "attiva", "ordinanza": "923/2022", "anno": "2022" }, "geometry": { "type": "Point", "coordinates": [ 9.187700632746569, 45.457702969074028 ] } },
{ "type": "Feature", "properties": { "id_amat": 164, "municipio": "1", "id_sottonil": "35", "id_nil": "1", "nome_nil": "DUOMO", "cerchia": "BASTIONI", "ambito_id": "1", "ambito_nome": "Centro storico", "attuazione": "3", "tipologia": "F", "titolare": "BeCharge", "id_via": "630", "nome_via": "VIA SANTA MARIA FULCORINA", "localita": "VIA SANTA MARIA FULCORINA 1", "numero_col": "1", "numero_pdr": "2", "infra": "AC-DC Fast", "progetto": "PROGETTI PRIVATI NUOVA PROCEDURA (dopo 15.10.2018)", "note": "attiva", "ordinanza": "2323/2021", "anno": "2021" }, "geometry": { "type": "Point", "coordinates": [ 9.183689082982092, 45.463630454917222 ] } },
{ "type": "Feature", "properties": { "id_amat": 165, "municipio": "1", "id_sottonil": "34", "id_nil": "2", "nome_nil": "BRERA", "cerchia": "BASTIONI", "ambito_id": "1", "ambito_nome": "Centro storico", "attuazione": "3", "tipologia": "N", "titolare": "Route 220", "id_via": "702", "nome_via": "VIA BERETTA ANTONIO ", "localita": "VIA BERETTA ANTONIO 2", "numero_col": "1", "numero_pdr": "2", "infra": "AC Normal", "progetto": "PROGETTI PRIVATI NUOVA PROCEDURA (dopo 15.10.2018)", "note": "attiva", "ordinanza": "807/2023", "anno": "2023" }, "geometry": { "type": "Point", "coordinates": [ 9.180932384925823, 45.472553515961671 ] } },
{ "type": "Feature", "properties": { "id_amat": 167, "municipio": "9", "id_sottonil": "49", "id_nil": "77", "nome_nil": "BOVISA", "cerchia": "EXTRA-FILOVIARIA", "ambito_id": "42", "ambito_nome": "Intorni Di Stazioni Della Linea Metropolitana M3 Comasina", "attuazione": "3", "tipologia": "N", "titolare": "BeCharge", "id_via": "1266", "nome_via": "VIA DEGLI IMBRIANI", "localita": "VIA DEGLI IMBRIANI 51", "numero_col": "1", "numero_pdr": "2", "infra": "AC Normal", "progetto": "PROGETTI PRIVATI NUOVA PROCEDURA (dopo 15.10.2018)", "note": "attiva", "ordinanza": "32/2022 ", "anno": "2022" }, "geometry": { "type": "Point", "coordinates": [ 9.166668523487481, 45.501145893926854 ] } },
{ "type": "Feature", "properties": { "id_amat": 170, "municipio": "3", "id_sottonil": "86", "id_nil": "21", "nome_nil": "BUENOS AIRES - VENEZIA", "cerchia": "FILOVIARIA", "ambito_id": "13", "ambito_nome": "Buenos Aires - Bacone", "attuazione": "3", "tipologia": "N", "titolare": "BeCharge", "id_via": "2162", "nome_via": "VIA MAIOCCHI ACHILLE ", "localita": "VIA MAIOCCHI ACHILLE 23", "numero_col": "1", "numero_pdr": "2", "infra": "AC Normal", "progetto": "PROGETTI PRIVATI NUOVA PROCEDURA (dopo 15.10.2018)", "note": "attiva_revoca_2096/2021", "ordinanza": "1430/2022", "anno": "2021" }, "geometry": { "type": "Point", "coordinates": [ 9.215119390991108, 45.475970181655541 ] } },
{ "type": "Feature", "properties": { "id_amat": 171, "municipio": "3", "id_sottonil": "28", "id_nil": "22", "nome_nil": "CITTA' STUDI", "cerchia": "EXTRA-FILOVIARIA", "ambito_id": "31", "ambito_nome": "Argonne", "attuazione": "3", "tipologia": "N", "titolare": "BeCharge", "id_via": "2209", "nome_via": "VIA CELORIA GIOVANNI", "localita": "VIA CELORIA GIOVANNI 11", "numero_col": "2", "numero_pdr": "4", "infra": "AC Normal", "progetto": "PROGETTI PRIVATI NUOVA PROCEDURA (dopo 15.10.2018)", "note": "attiva", "ordinanza": "299/2022", "anno": "2022" }, "geometry": { "type": "Point", "coordinates": [ 9.231322120212878, 45.477045661088617 ] } },
{ "type": "Feature", "properties": { "id_amat": 172, "municipio": "3", "id_sottonil": "86", "id_nil": "21", "nome_nil": "BUENOS AIRES - VENEZIA", "cerchia": "FILOVIARIA", "ambito_id": "13", "ambito_nome": "Buenos Aires - Bacone", "attuazione": "3", "tipologia": "N", "titolare": "BeCharge", "id_via": "2237", "nome_via": "VIA MONTEVERDI CLAUDIO", "localita": "VIA MONTEVERDI CLAUDIO 15", "numero_col": "2", "numero_pdr": "4", "infra": "AC Normal", "progetto": "PROGETTI PRIVATI NUOVA PROCEDURA (dopo 15.10.2018)", "note": "attiva", "ordinanza": "43/2022", "anno": "2022" }, "geometry": { "type": "Point", "coordinates": [ 9.214731452342294, 45.483359861096076 ] } },
{ "type": "Feature", "properties": { "id_amat": 173, "municipio": "3", "id_sottonil": "28", "id_nil": "22", "nome_nil": "CITTA' STUDI", "cerchia": "EXTRA-FILOVIARIA", "ambito_id": "31", "ambito_nome": "Argonne", "attuazione": "3", "tipologia": "N", "titolare": "BeCharge", "id_via": "2250", "nome_via": "VIA VALLAZZE", "localita": "VIA VALLAZZE 105", "numero_col": "1", "numero_pdr": "2", "infra": "AC Normal", "progetto": "PROGETTI PRIVATI NUOVA PROCEDURA (dopo 15.10.2018)", "note": "attiva", "ordinanza": "27/2023", "anno": "2023" }, "geometry": { "type": "Point", "coordinates": [ 9.2313957416624, 45.485204871193048 ] } },
{ "type": "Feature", "properties": { "id_amat": 176, "municipio": "3", "id_sottonil": "40", "id_nil": "23", "nome_nil": "LAMBRATE", "cerchia": "EXTRA-FILOVIARIA", "ambito_id": null, "ambito_nome": null, "attuazione": "3", "tipologia": "F", "titolare": "BeCharge", "id_via": "2674", "nome_via": "VIA PITTERI RICCARDO", "localita": "VIA PITTERI RICCARDO 95", "numero_col": "1", "numero_pdr": "2", "infra": "AC-DC Fast", "progetto": "PROGETTI PRIVATI NUOVA PROCEDURA (dopo 15.10.2018)", "note": "attiva", "ordinanza": "2325/2021", "anno": "2021" }, "geometry": { "type": "Point", "coordinates": [ 9.245767892123068, 45.479717127321237 ] } },
{ "type": "Feature", "properties": { "id_amat": 179, "municipio": "1", "id_sottonil": "33", "id_nil": "4", "nome_nil": "GUASTALLA", "cerchia": "BASTIONI", "ambito_id": "4", "ambito_nome": "Venezia", "attuazione": "3", "tipologia": "N", "titolare": "BeCharge", "id_via": "3043", "nome_via": "VIA SERBELLONI GABRIO", "localita": "VIA SERBELLONI GABRIO 2", "numero_col": "2", "numero_pdr": "4", "infra": "AC Normal", "progetto": "PROGETTI PRIVATI NUOVA PROCEDURA (dopo 15.10.2018)", "note": "attiva", "ordinanza": "55/2022", "anno": "2022" }, "geometry": { "type": "Point", "coordinates": [ 9.201305114080121, 45.470379943556082 ] } },
{ "type": "Feature", "properties": { "id_amat": 182, "municipio": "4", "id_sottonil": "84", "id_nil": "26", "nome_nil": "XXII MARZO", "cerchia": "FILOVIARIA", "ambito_id": "16", "ambito_nome": "Libia", "attuazione": "3", "tipologia": "N", "titolare": "A2A Energy Solutions", "id_via": "3075", "nome_via": "VIA BEZZECCA", "localita": "VIA BEZZECCA 12", "numero_col": "1", "numero_pdr": "2", "infra": "AC Normal", "progetto": "PROGETTI PRIVATI NUOVA PROCEDURA (dopo 15.10.2018)", "note": "attiva", "ordinanza": "2322/2021", "anno": "2021" }, "geometry": { "type": "Point", "coordinates": [ 9.210897157402496, 45.460871853897551 ] } },
{ "type": "Feature", "properties": { "id_amat": 183, "municipio": "3", "id_sottonil": "70", "id_nil": "24", "nome_nil": "PARCO FORLANINI - ORTICA", "cerchia": "EXTRA-FILOVIARIA", "ambito_id": null, "ambito_nome": null, "attuazione": "3", "tipologia": "N", "titolare": "BeCharge", "id_via": "3243", "nome_via": "VIA CORELLI ARCANGELO", "localita": "VIA CORELLI ARCANGELO 136", "numero_col": "2", "numero_pdr": "4", "infra": "AC Normal", "progetto": "PROGETTI PRIVATI NUOVA PROCEDURA (dopo 15.10.2018)", "note": "attiva", "ordinanza": "270/2022", "anno": "2022" }, "geometry": { "type": "Point", "coordinates": [ 9.261760179274717, 45.470253031535876 ] } },
{ "type": "Feature", "properties": { "id_amat": 185, "municipio": "5", "id_sottonil": "36", "id_nil": "36", "nome_nil": "SCALO ROMANA", "cerchia": "EXTRA-FILOVIARIA", "ambito_id": null, "ambito_nome": null, "attuazione": "3", "tipologia": "N", "titolare": "A2A Energy Solutions", "id_via": "4005", "nome_via": "VIA LORENZINI GIOVANNI", "localita": "VIA LORENZINI GIOVANNI 8-10", "numero_col": "1", "numero_pdr": "2", "infra": "AC Normal", "progetto": "PROGETTI PRIVATI NUOVA PROCEDURA (dopo 15.10.2018)", "note": "attiva", "ordinanza": "223/2022", "anno": "2022" }, "geometry": { "type": "Point", "coordinates": [ 9.202025486625958, 45.443924564465725 ] } },
{ "type": "Feature", "properties": { "id_amat": 186, "municipio": "1", "id_sottonil": "90", "id_nil": "5", "nome_nil": "VIGENTINA", "cerchia": "BASTIONI", "ambito_id": "6", "ambito_nome": "Ticinese - Vigentina", "attuazione": "3", "tipologia": "F", "titolare": "BeCharge", "id_via": "4021", "nome_via": "VIA QUADRONNO", "localita": "VIA QUADRONNO 31", "numero_col": "1", "numero_pdr": "2", "infra": "AC-DC Fast", "progetto": "PROGETTI PRIVATI NUOVA PROCEDURA (dopo 15.10.2018)", "note": "attiva", "ordinanza": "36/2022", "anno": "2022" }, "geometry": { "type": "Point", "coordinates": [ 9.194931698138681, 45.45423702400312 ] } },
{ "type": "Feature", "properties": { "id_amat": 189, "municipio": "5", "id_sottonil": "22", "id_nil": "37", "nome_nil": "EX OM - MORIVIONE", "cerchia": "EXTRA-FILOVIARIA", "ambito_id": null, "ambito_nome": null, "attuazione": "3", "tipologia": "N", "titolare": "A2A Energy Solutions", "id_via": "4327", "nome_via": "VIA BUZZI VITTORE", "localita": "VIA BUZZI VITTORE 88", "numero_col": "1", "numero_pdr": "2", "infra": "AC Normal", "progetto": "PROGETTI PRIVATI NUOVA PROCEDURA (dopo 15.10.2018)", "note": "attiva", "ordinanza": "308/2022", "anno": "2022" }, "geometry": { "type": "Point", "coordinates": [ 9.198753531994816, 45.442485125763795 ] } },
{ "type": "Feature", "properties": { "id_amat": 190, "municipio": "4", "id_sottonil": "39", "id_nil": "35", "nome_nil": "LODI - CORVETTO", "cerchia": "EXTRA-FILOVIARIA", "ambito_id": "35", "ambito_nome": "San Donato", "attuazione": "3", "tipologia": "N", "titolare": "A2A Energy Solutions", "id_via": "4067", "nome_via": "CORSO LODI", "localita": "CORSO LODI 127", "numero_col": "1", "numero_pdr": "2", "infra": "AC Normal", "progetto": "PROGETTI PRIVATI NUOVA PROCEDURA (dopo 15.10.2018)", "note": "attiva", "ordinanza": "34/2022", "anno": "2022" }, "geometry": { "type": "Point", "coordinates": [ 9.223484788099258, 45.440501408857216 ] } },
{ "type": "Feature", "properties": { "id_amat": 191, "municipio": "4", "id_sottonil": "25", "id_nil": "28", "nome_nil": "UMBRIA - MOLISE", "cerchia": "EXTRA-FILOVIARIA", "ambito_id": "17", "ambito_nome": "Martini", "attuazione": "3", "tipologia": "F", "titolare": "A2A Energy Solutions", "id_via": "4098", "nome_via": "VIA CADOLINI GIOVANNI", "localita": "VIA CADOLINI GIOVANNI 9", "numero_col": "1", "numero_pdr": "2", "infra": "AC-DC Fast", "progetto": "PROGETTI PRIVATI NUOVA PROCEDURA (dopo 15.10.2018)", "note": "attiva", "ordinanza": "2324/2021", "anno": "2021" }, "geometry": { "type": "Point", "coordinates": [ 9.220916412204163, 45.449422383890756 ] } },
{ "type": "Feature", "properties": { "id_amat": 192, "municipio": "4", "id_sottonil": "25", "id_nil": "28", "nome_nil": "UMBRIA - MOLISE", "cerchia": "EXTRA-FILOVIARIA", "ambito_id": "17", "ambito_nome": "Martini", "attuazione": "3", "tipologia": "N", "titolare": "A2A Energy Solutions", "id_via": "4100", "nome_via": "VIALE PUGLIE", "localita": "VIALE PUGLIE 17", "numero_col": "1", "numero_pdr": "2", "infra": "AC Normal", "progetto": "PROGETTI PRIVATI NUOVA PROCEDURA (dopo 15.10.2018)", "note": "attiva", "ordinanza": "2370/2021", "anno": "2021" }, "geometry": { "type": "Point", "coordinates": [ 9.223819916756792, 45.448466226987783 ] } },
{ "type": "Feature", "properties": { "id_amat": 193, "municipio": "5", "id_sottonil": "36", "id_nil": "36", "nome_nil": "SCALO ROMANA", "cerchia": "EXTRA-FILOVIARIA", "ambito_id": "35", "ambito_nome": "San Donato", "attuazione": "3", "tipologia": "F", "titolare": "A2A Energy Solutions", "id_via": "4133", "nome_via": "VIALE ORTLES", "localita": "VIALE ORTLES 81", "numero_col": "1", "numero_pdr": "2", "infra": "AC-DC Fast", "progetto": "PROGETTI PRIVATI NUOVA PROCEDURA (dopo 15.10.2018)", "note": "attiva", "ordinanza": "323/2023", "anno": "2023" }, "geometry": { "type": "Point", "coordinates": [ 9.212287730539474, 45.440822156663934 ] } },
{ "type": "Feature", "properties": { "id_amat": 194, "municipio": "5", "id_sottonil": "22", "id_nil": "37", "nome_nil": "EX OM - MORIVIONE", "cerchia": "EXTRA-FILOVIARIA", "ambito_id": null, "ambito_nome": null, "attuazione": "3", "tipologia": "N", "titolare": "A2A Energy Solutions", "id_via": "4227", "nome_via": "VIA PIETRASANTA", "localita": "VIA PIETRASANTA 16", "numero_col": "1", "numero_pdr": "2", "infra": "AC Normal", "progetto": "PROGETTI PRIVATI NUOVA PROCEDURA (dopo 15.10.2018)", "note": "attiva", "ordinanza": "541/2023", "anno": "2023" }, "geometry": { "type": "Point", "coordinates": [ 9.19531278890776, 45.444043918907376 ] } },
{ "type": "Feature", "properties": { "id_amat": 195, "municipio": "5", "id_sottonil": "22", "id_nil": "37", "nome_nil": "EX OM - MORIVIONE", "cerchia": "EXTRA-FILOVIARIA", "ambito_id": null, "ambito_nome": null, "attuazione": "3", "tipologia": "N", "titolare": "A2A Energy Solutions", "id_via": "4254", "nome_via": "VIA SOLAROLI PAOLO", "localita": "VIA SOLAROLI PAOLO 10", "numero_col": "1", "numero_pdr": "2", "infra": "AC Normal", "progetto": "PROGETTI PRIVATI NUOVA PROCEDURA (dopo 15.10.2018)", "note": "attiva", "ordinanza": "983/2022", "anno": "2022" }, "geometry": { "type": "Point", "coordinates": [ 9.198936974613636, 45.436685388632384 ] } },
{ "type": "Feature", "properties": { "id_amat": 196, "municipio": "5", "id_sottonil": "66", "id_nil": "38", "nome_nil": "RIPAMONTI", "cerchia": "EXTRA-FILOVIARIA", "ambito_id": null, "ambito_nome": null, "attuazione": "3", "tipologia": "N", "titolare": "A2A Energy Solutions", "id_via": "4274", "nome_via": "VIA DELL'ASSUNTA", "localita": "VIA DELL'ASSUNTA 1", "numero_col": "1", "numero_pdr": "2", "infra": "AC Normal", "progetto": "PROGETTI PRIVATI NUOVA PROCEDURA (dopo 15.10.2018)", "note": "attiva", "ordinanza": "778/2023", "anno": "2023" }, "geometry": { "type": "Point", "coordinates": [ 9.201488084282566, 45.433208016254028 ] } },
{ "type": "Feature", "properties": { "id_amat": 200, "municipio": "6", "id_sottonil": "58", "id_nil": "50", "nome_nil": "TORTONA", "cerchia": "FILOVIARIA", "ambito_id": "20", "ambito_nome": "Solari - Bergognone", "attuazione": "3", "tipologia": "N", "titolare": "A2A Energy Solutions", "id_via": "5122", "nome_via": "VIA SAVONA", "localita": "VIA SAVONA 50", "numero_col": "1", "numero_pdr": "2", "infra": "AC Normal", "progetto": "PROGETTI PRIVATI NUOVA PROCEDURA (dopo 15.10.2018)", "note": "attiva", "ordinanza": "362/2022", "anno": "2022" }, "geometry": { "type": "Point", "coordinates": [ 9.163301781253292, 45.454006335658491 ] } },
{ "type": "Feature", "properties": { "id_amat": 201, "municipio": "2", "id_sottonil": "67", "id_nil": "16", "nome_nil": "VIALE MONZA", "cerchia": "EXTRA-FILOVIARIA", "ambito_id": "30", "ambito_nome": "Monza", "attuazione": "3", "tipologia": "N", "titolare": "A2A Energy Solutions", "id_via": "2445", "nome_via": "VIA BRUNICO", "localita": "VIA BRUNICO 22", "numero_col": "1", "numero_pdr": "2", "infra": "AC Normal", "progetto": "PROGETTI PRIVATI NUOVA PROCEDURA (dopo 15.10.2018)", "note": "attiva", "ordinanza": "1221/2020", "anno": "2020" }, "geometry": { "type": "Point", "coordinates": [ 9.223175304723121, 45.518467450661412 ] } },
{ "type": "Feature", "properties": { "id_amat": 202, "municipio": "6", "id_sottonil": "58", "id_nil": "50", "nome_nil": "TORTONA", "cerchia": "FILOVIARIA", "ambito_id": "20", "ambito_nome": "Solari - Bergognone", "attuazione": "3", "tipologia": "N", "titolare": "A2A Energy Solutions", "id_via": "5135", "nome_via": "VIA STENDHAL ENRICO", "localita": "VIA STENDHAL ENRICO 51", "numero_col": "1", "numero_pdr": "2", "infra": "AC Normal", "progetto": "PROGETTI PRIVATI NUOVA PROCEDURA (dopo 15.10.2018)", "note": "attiva", "ordinanza": "2320/2021 ", "anno": "2021" }, "geometry": { "type": "Point", "coordinates": [ 9.157787768225678, 45.455585601342342 ] } },
{ "type": "Feature", "properties": { "id_amat": 206, "municipio": "5", "id_sottonil": "17", "id_nil": "43", "nome_nil": "TIBALDI", "cerchia": "EXTRA-FILOVIARIA", "ambito_id": "25", "ambito_nome": "Abbiategrasso", "attuazione": "3", "tipologia": "N", "titolare": "A2A Energy Solutions", "id_via": "5247", "nome_via": "VIA BONGHI RUGGERO", "localita": "VIA BONGHI RUGGERO 17", "numero_col": "1", "numero_pdr": "2", "infra": "AC Normal", "progetto": "PROGETTI PRIVATI NUOVA PROCEDURA (dopo 15.10.2018)", "note": "attiva", "ordinanza": "790/2023", "anno": "2023" }, "geometry": { "type": "Point", "coordinates": [ 9.181264272946203, 45.440863803451464 ] } },
{ "type": "Feature", "properties": { "id_amat": 207, "municipio": "5", "id_sottonil": "32", "id_nil": "42", "nome_nil": "STADERA", "cerchia": "EXTRA-FILOVIARIA", "ambito_id": "25", "ambito_nome": "Abbiategrasso", "attuazione": "3", "tipologia": "F", "titolare": "A2A Energy Solutions", "id_via": "5261", "nome_via": "VIALE GIOVANNI DA CERMENATE", "localita": "VIALE GIOVANNI DA CERMENATE 68", "numero_col": "1", "numero_pdr": "2", "infra": "AC-DC Fast", "progetto": "PROGETTI PRIVATI NUOVA PROCEDURA (dopo 15.10.2018)", "note": "attiva", "ordinanza": "243/2022", "anno": "2022" }, "geometry": { "type": "Point", "coordinates": [ 9.183873078710279, 45.437277095182225 ] } },
{ "type": "Feature", "properties": { "id_amat": 208, "municipio": "6", "id_sottonil": "59", "id_nil": "44", "nome_nil": "NAVIGLI", "cerchia": "FILOVIARIA", "ambito_id": "19", "ambito_nome": "Liguria - Romolo", "attuazione": "3", "tipologia": "N", "titolare": "A2A Energy Solutions", "id_via": "5263", "nome_via": "VIA LECCHI ANTONIO", "localita": "VIA LECCHI ANTONIO 7", "numero_col": "1", "numero_pdr": "2", "infra": "AC Normal", "progetto": "PROGETTI PRIVATI NUOVA PROCEDURA (dopo 15.10.2018)", "note": "attiva", "ordinanza": "225/2022", "anno": "2022" }, "geometry": { "type": "Point", "coordinates": [ 9.174310501707259, 45.445045444848191 ] } },
{ "type": "Feature", "properties": { "id_amat": 209, "municipio": "6", "id_sottonil": "59", "id_nil": "44", "nome_nil": "NAVIGLI", "cerchia": "FILOVIARIA", "ambito_id": "25", "ambito_nome": "Abbiategrasso", "attuazione": "3", "tipologia": "N", "titolare": "A2A Energy Solutions", "id_via": "5276", "nome_via": "VIA SCHIEVANO ENRICO", "localita": "VIA SCHIEVANO ENRICO 2", "numero_col": "1", "numero_pdr": "2", "infra": "AC Normal", "progetto": "PROGETTI PRIVATI NUOVA PROCEDURA (dopo 15.10.2018)", "note": "attiva", "ordinanza": "261/2022", "anno": "2022" }, "geometry": { "type": "Point", "coordinates": [ 9.162318846915891, 45.444610630402586 ] } },
{ "type": "Feature", "properties": { "id_amat": 210, "municipio": "6", "id_sottonil": "59", "id_nil": "44", "nome_nil": "NAVIGLI", "cerchia": "FILOVIARIA", "ambito_id": "19", "ambito_nome": "Liguria - Romolo", "attuazione": "3", "tipologia": "N", "titolare": "A2A Energy Solutions", "id_via": "5284", "nome_via": "VIALE ROMOLO", "localita": "VIALE ROMOLO 9", "numero_col": "1", "numero_pdr": "2", "infra": "AC Normal", "progetto": "PROGETTI PRIVATI NUOVA PROCEDURA (dopo 15.10.2018)", "note": "attiva", "ordinanza": "383/2022", "anno": "2022" }, "geometry": { "type": "Point", "coordinates": [ 9.167393913738932, 45.445314733084921 ] } },
{ "type": "Feature", "properties": { "id_amat": 211, "municipio": "6", "id_sottonil": "15", "id_nil": "45", "nome_nil": "S. CRISTOFORO", "cerchia": "EXTRA-FILOVIARIA", "ambito_id": null, "ambito_nome": null, "attuazione": "3", "tipologia": "N", "titolare": "A2A Energy Solutions", "id_via": "5298", "nome_via": "VIA BINDA AMBROGIO", "localita": "VIA BINDA AMBROGIO 2", "numero_col": "1", "numero_pdr": "2", "infra": "AC Normal", "progetto": "PROGETTI PRIVATI NUOVA PROCEDURA (dopo 15.10.2018)", "note": "attiva", "ordinanza": "379/2022", "anno": "2022" }, "geometry": { "type": "Point", "coordinates": [ 9.155023164618711, 45.444302585600376 ] } },
{ "type": "Feature", "properties": { "id_amat": 213, "municipio": "5", "id_sottonil": "32", "id_nil": "42", "nome_nil": "STADERA", "cerchia": "EXTRA-FILOVIARIA", "ambito_id": "25", "ambito_nome": "Abbiategrasso", "attuazione": "3", "tipologia": "N", "titolare": "A2A Energy Solutions", "id_via": "5326", "nome_via": "VIA NEERA", "localita": "VIA NEERA 4", "numero_col": "1", "numero_pdr": "2", "infra": "AC Normal", "progetto": "PROGETTI PRIVATI NUOVA PROCEDURA (dopo 15.10.2018)", "note": "attiva", "ordinanza": "40/2022 ", "anno": "2022" }, "geometry": { "type": "Point", "coordinates": [ 9.174214990322431, 45.432875482025835 ] } },
{ "type": "Feature", "properties": { "id_amat": 214, "municipio": "5", "id_sottonil": "32", "id_nil": "42", "nome_nil": "STADERA", "cerchia": "EXTRA-FILOVIARIA", "ambito_id": "25", "ambito_nome": "Abbiategrasso", "attuazione": "3", "tipologia": "N", "titolare": "A2A Energy Solutions", "id_via": "5335", "nome_via": "VIA MEDEGHINO", "localita": "VIA MEDEGHINO 31", "numero_col": "1", "numero_pdr": "2", "infra": "AC Normal", "progetto": "PROGETTI PRIVATI NUOVA PROCEDURA (dopo 15.10.2018)", "note": "attiva", "ordinanza": "776/2023", "anno": "2023" }, "geometry": { "type": "Point", "coordinates": [ 9.179145107786731, 45.430654720081719 ] } },
{ "type": "Feature", "properties": { "id_amat": 215, "municipio": "6", "id_sottonil": "41", "id_nil": "46", "nome_nil": "BARONA", "cerchia": "EXTRA-FILOVIARIA", "ambito_id": null, "ambito_nome": null, "attuazione": "3", "tipologia": "F", "titolare": "BeCharge", "id_via": "5353", "nome_via": "VIALE FAMAGOSTA", "localita": "VIALE FAMAGOSTA 20", "numero_col": "1", "numero_pdr": "2", "infra": "AC-DC Fast", "progetto": "PROGETTI PRIVATI NUOVA PROCEDURA (dopo 15.10.2018)", "note": "attiva", "ordinanza": "69/2022", "anno": "2022" }, "geometry": { "type": "Point", "coordinates": [ 9.157889230248342, 45.436964723316812 ] } },
{ "type": "Feature", "properties": { "id_amat": 216, "municipio": "6", "id_sottonil": "41", "id_nil": "46", "nome_nil": "BARONA", "cerchia": "EXTRA-FILOVIARIA", "ambito_id": null, "ambito_nome": null, "attuazione": "3", "tipologia": "N", "titolare": "A2A Energy Solutions", "id_via": "5424", "nome_via": "VIA SAN VIGILIO", "localita": "VIA SAN VIGILIO 25", "numero_col": "1", "numero_pdr": "2", "infra": "AC Normal", "progetto": "PROGETTI PRIVATI NUOVA PROCEDURA (dopo 15.10.2018)", "note": "attiva", "ordinanza": "2321/2021", "anno": "2021" }, "geometry": { "type": "Point", "coordinates": [ 9.162096791992273, 45.432968141539725 ] } },
{ "type": "Feature", "properties": { "id_amat": 221, "municipio": "1", "id_sottonil": "81", "id_nil": "68", "nome_nil": "PAGANO", "cerchia": "FILOVIARIA", "ambito_id": "2", "ambito_nome": "Fiera", "attuazione": "3", "tipologia": "N", "titolare": "A2A Energy Solutions", "id_via": "6184", "nome_via": "VIA ARIOSTO LODOVICO", "localita": "VIA ARIOSTO LODOVICO 11", "numero_col": "1", "numero_pdr": "2", "infra": "AC Normal", "progetto": "PROGETTI PRIVATI NUOVA PROCEDURA (dopo 15.10.2018)", "note": "attiva", "ordinanza": "425/2022", "anno": "2022" }, "geometry": { "type": "Point", "coordinates": [ 9.165644634028054, 45.468979997888859 ] } },
{ "type": "Feature", "properties": { "id_amat": 222, "municipio": "1", "id_sottonil": "37", "id_nil": "7", "nome_nil": "MAGENTA - S. VITTORE", "cerchia": "BASTIONI", "ambito_id": "7", "ambito_nome": "Magenta - San Vittore", "attuazione": "3", "tipologia": "N", "titolare": "A2A Energy Solutions", "id_via": "6219", "nome_via": "VIA VICO GIAN BATTISTA", "localita": "VIA VICO GIAN BATTISTA 2", "numero_col": "1", "numero_pdr": "2", "infra": "AC Normal", "progetto": "PROGETTI PRIVATI NUOVA PROCEDURA (dopo 15.10.2018)", "note": "attiva", "ordinanza": "295/2022", "anno": "2022" }, "geometry": { "type": "Point", "coordinates": [ 9.170873466732118, 45.460338324404212 ] } },
{ "type": "Feature", "properties": { "id_amat": 223, "municipio": "7", "id_sottonil": "74", "id_nil": "51", "nome_nil": "WASHINGTON", "cerchia": "FILOVIARIA", "ambito_id": "21", "ambito_nome": "Washington", "attuazione": "3", "tipologia": "N", "titolare": "A2A Energy Solutions", "id_via": "6238", "nome_via": "VIA DIGIONE", "localita": "VIA DIGIONE fronte civico 9", "numero_col": "1", "numero_pdr": "2", "infra": "AC Normal", "progetto": "PROGETTI PRIVATI NUOVA PROCEDURA (dopo 15.10.2018)", "note": "attiva", "ordinanza": "747/2022", "anno": "2022" }, "geometry": { "type": "Point", "coordinates": [ 9.155255652057283, 45.460537581646946 ] } },
{ "type": "Feature", "properties": { "id_amat": 224, "municipio": "7", "id_sottonil": "74", "id_nil": "51", "nome_nil": "WASHINGTON", "cerchia": "FILOVIARIA", "ambito_id": "2", "ambito_nome": "Fiera", "attuazione": "3", "tipologia": "F", "titolare": "A2A Energy Solutions", "id_via": "6281", "nome_via": "VIA CUNEO", "localita": "VIA CUNEO 1", "numero_col": "1", "numero_pdr": "2", "infra": "AC-DC Fast", "progetto": "PROGETTI PRIVATI NUOVA PROCEDURA (dopo 15.10.2018)", "note": "attiva", "ordinanza": "744/2022", "anno": "2022" }, "geometry": { "type": "Point", "coordinates": [ 9.154070015901821, 45.466905705071142 ] } },
{ "type": "Feature", "properties": { "id_amat": 225, "municipio": "8", "id_sottonil": "73", "id_nil": "58", "nome_nil": "DE ANGELI - MONTE ROSA", "cerchia": "FILOVIARIA", "ambito_id": "2", "ambito_nome": "Fiera", "attuazione": "3", "tipologia": "N", "titolare": "BeCharge", "id_via": "6422", "nome_via": "VIALE VIGLIANI PAOLO ONORATO", "localita": "VIALE VIGLIANI PAOLO ONORATO 62", "numero_col": "1", "numero_pdr": "2", "infra": "AC Normal", "progetto": "PROGETTI PRIVATI NUOVA PROCEDURA (dopo 15.10.2018)", "note": "attiva", "ordinanza": "78/2022", "anno": "2022" }, "geometry": { "type": "Point", "coordinates": [ 9.144494534086936, 45.480320360907093 ] } },
{ "type": "Feature", "properties": { "id_amat": 227, "municipio": "4", "id_sottonil": "39", "id_nil": "35", "nome_nil": "LODI - CORVETTO", "cerchia": "EXTRA-FILOVIARIA", "ambito_id": "35", "ambito_nome": "San Donato", "attuazione": "3", "tipologia": "N", "titolare": "A2A Energy Solutions", "id_via": "4068", "nome_via": "CORSO LODI", "localita": "CORSO LODI 69", "numero_col": "1", "numero_pdr": "2", "infra": "AC Normal", "progetto": "PROGETTI PRIVATI NUOVA PROCEDURA (dopo 15.10.2018)", "note": "attiva", "ordinanza": "33/2022", "anno": "2022" }, "geometry": { "type": "Point", "coordinates": [ 9.216173460278094, 45.444075093941045 ] } },
{ "type": "Feature", "properties": { "id_amat": 228, "municipio": "9", "id_sottonil": "82", "id_nil": "9", "nome_nil": "GARIBALDI REPUBBLICA", "cerchia": "FILOVIARIA", "ambito_id": "9", "ambito_nome": "Centro Direzionale", "attuazione": "3", "tipologia": "F", "titolare": "BeCharge", "id_via": "1101", "nome_via": "VIALE MONTE GRAPPA", "localita": "VIALE MONTE GRAPPA 16", "numero_col": "1", "numero_pdr": "2", "infra": "AC-DC Fast", "progetto": "PROGETTI PRIVATI NUOVA PROCEDURA (dopo 15.10.2018)", "note": "attiva_revoca_52/2022", "ordinanza": "970/2023", "anno": "2022" }, "geometry": { "type": "Point", "coordinates": [ 9.189397458317769, 45.48081990764301 ] } },
{ "type": "Feature", "properties": { "id_amat": 231, "municipio": "8", "id_sottonil": "55", "id_nil": "59", "nome_nil": "TRE TORRI", "cerchia": "FILOVIARIA", "ambito_id": "2", "ambito_nome": "Fiera", "attuazione": "3", "tipologia": "N", "titolare": "PowerPoint City Car", "id_via": "6369", "nome_via": "VIA SPINOLA AMBROGIO", "localita": "VIA SPINOLA AMBROGIO 8", "numero_col": "1", "numero_pdr": "2", "infra": "AC Normal", "progetto": "PROGETTI PRIVATI NUOVA PROCEDURA (dopo 15.10.2018)", "note": "attiva", "ordinanza": "1592/2020", "anno": "2020" }, "geometry": { "type": "Point", "coordinates": [ 9.152035100833672, 45.47550049505562 ] } },
{ "type": "Feature", "properties": { "id_amat": 232, "municipio": "4", "id_sottonil": "84", "id_nil": "26", "nome_nil": "XXII MARZO", "cerchia": "FILOVIARIA", "ambito_id": "14", "ambito_nome": "Piave - Bixio", "attuazione": "3", "tipologia": "N", "titolare": "PowerPoint City Car", "id_via": "3089", "nome_via": "VIA F.LLI BRONZETTI ", "localita": "VIA F.LLI BRONZETTI 38", "numero_col": "1", "numero_pdr": "2", "infra": "AC Normal", "progetto": "PROGETTI PRIVATI NUOVA PROCEDURA (dopo 15.10.2018)", "note": "attiva", "ordinanza": "1553/2020", "anno": "2020" }, "geometry": { "type": "Point", "coordinates": [ 9.214624880208847, 45.463059103185508 ] } },
{ "type": "Feature", "properties": { "id_amat": 233, "municipio": "8", "id_sottonil": "54", "id_nil": "67", "nome_nil": "PORTELLO", "cerchia": "FILOVIARIA", "ambito_id": "2", "ambito_nome": "Fiera", "attuazione": "3", "tipologia": "N", "titolare": "PowerPoint City Car", "id_via": "7167", "nome_via": "VIA LEON BATTISTA ALBERTI", "localita": "VIA ALBERTI LEON BATTISTA 5", "numero_col": "1", "numero_pdr": "2", "infra": "AC Normal", "progetto": "PROGETTI PRIVATI NUOVA PROCEDURA (dopo 15.10.2018)", "note": "attiva", "ordinanza": "1552/2020", "anno": "2020" }, "geometry": { "type": "Point", "coordinates": [ 9.157860793991238, 45.483755608061436 ] } },
{ "type": "Feature", "properties": { "id_amat": 234, "municipio": "8", "id_sottonil": "55", "id_nil": "59", "nome_nil": "TRE TORRI", "cerchia": "FILOVIARIA", "ambito_id": "2", "ambito_nome": "Fiera", "attuazione": "3", "tipologia": "N", "titolare": "PowerPoint City Car", "id_via": "6373", "nome_via": "VIA SENOFONTE", "localita": "VIA SENOFONTE 5", "numero_col": "1", "numero_pdr": "2", "infra": "AC Normal", "progetto": "PROGETTI PRIVATI NUOVA PROCEDURA (dopo 15.10.2018)", "note": "attiva_revoca_1591/2020", "ordinanza": "71/2022", "anno": "2020" }, "geometry": { "type": "Point", "coordinates": [ 9.15803349745234, 45.47524323510045 ] } },
{ "type": "Feature", "properties": { "id_amat": 235, "municipio": "6", "id_sottonil": "15", "id_nil": "45", "nome_nil": "S. CRISTOFORO", "cerchia": "EXTRA-FILOVIARIA", "ambito_id": null, "ambito_nome": null, "attuazione": "3", "tipologia": "N", "titolare": "PowerPoint City Car", "id_via": "5307", "nome_via": "VIA MARTINI SIMONE DETTO MEMMI", "localita": "VIA MARTINI SIMONE DETTO MEMMI 22", "numero_col": "1", "numero_pdr": "2", "infra": "AC Normal", "progetto": "PROGETTI PRIVATI NUOVA PROCEDURA (dopo 15.10.2018)", "note": "attiva_revoca_1947/2021", "ordinanza": "247/2023", "anno": "2021" }, "geometry": { "type": "Point", "coordinates": [ 9.159121512781381, 45.440186611350924 ] } },
{ "type": "Feature", "properties": { "id_amat": 236, "municipio": "9", "id_sottonil": "82", "id_nil": "9", "nome_nil": "GARIBALDI REPUBBLICA", "cerchia": "FILOVIARIA", "ambito_id": "9", "ambito_nome": "Centro Direzionale", "attuazione": "3", "tipologia": "N", "titolare": "E.ON Energia S.p.A.", "id_via": "1107", "nome_via": "VIA VESPUCCI AMERIGO", "localita": "VIA VESPUCCI AMERIGO 2", "numero_col": "1", "numero_pdr": "2", "infra": "AC Normal", "progetto": "PROGETTI PRIVATI NUOVA PROCEDURA (dopo 15.10.2018)", "note": "attiva", "ordinanza": "1468/2020", "anno": "2020" }, "geometry": { "type": "Point", "coordinates": [ 9.192926169399431, 45.480591248432049 ] } },
{ "type": "Feature", "properties": { "id_amat": 237, "municipio": "9", "id_sottonil": "31", "id_nil": "14", "nome_nil": "NIGUARDA - CA' GRANDA", "cerchia": "EXTRA-FILOVIARIA", "ambito_id": "43", "ambito_nome": "Zara - Testi", "attuazione": "3", "tipologia": "N", "titolare": "PowerPoint City Car", "id_via": "1446", "nome_via": "VIALE GIOVANNI SUZZANI", "localita": "VIALE SUZZANI GIOVANNI 88-90", "numero_col": "1", "numero_pdr": "2", "infra": "AC Normal", "progetto": "PROGETTI PRIVATI NUOVA PROCEDURA (dopo 15.10.2018)", "note": "attiva_revoca_886/2021_174/2022", "ordinanza": "197/2022", "anno": "2021" }, "geometry": { "type": "Point", "coordinates": [ 9.199894988079725, 45.510092819744884 ] } },
{ "type": "Feature", "properties": { "id_amat": 238, "municipio": "1", "id_sottonil": "34", "id_nil": "2", "nome_nil": "BRERA", "cerchia": "BASTIONI", "ambito_id": "3", "ambito_nome": "Garibaldi", "attuazione": "3", "tipologia": "N", "titolare": "PowerPoint City Car", "id_via": "1053", "nome_via": "VIA TURATI FILIPPO", "localita": "VIA TURATI FILIPPO 4", "numero_col": "1", "numero_pdr": "2", "infra": "AC Normal", "progetto": "PROGETTI PRIVATI NUOVA PROCEDURA (dopo 15.10.2018)", "note": "attiva", "ordinanza": "1589/2020", "anno": "2020" }, "geometry": { "type": "Point", "coordinates": [ 9.195069698510382, 45.473434463225885 ] } },
{ "type": "Feature", "properties": { "id_amat": 239, "municipio": "7", "id_sottonil": "74", "id_nil": "51", "nome_nil": "WASHINGTON", "cerchia": "FILOVIARIA", "ambito_id": "21", "ambito_nome": "Washington", "attuazione": "3", "tipologia": "N", "titolare": "PowerPoint City Car", "id_via": "6212", "nome_via": "VIALE SAN MICHELE DEL CARSO", "localita": "VIALE SAN MICHELE DEL CARSO 14", "numero_col": "1", "numero_pdr": "2", "infra": "AC Normal", "progetto": "PROGETTI PRIVATI NUOVA PROCEDURA (dopo 15.10.2018)", "note": "attiva_revoca_1593/2020", "ordinanza": "407/2023", "anno": "2020" }, "geometry": { "type": "Point", "coordinates": [ 9.164219252597837, 45.464285921201231 ] } },
{ "type": "Feature", "properties": { "id_amat": 241, "municipio": "1", "id_sottonil": "35", "id_nil": "1", "nome_nil": "DUOMO", "cerchia": "BASTIONI", "ambito_id": "1", "ambito_nome": "Centro storico", "attuazione": "3", "tipologia": "N", "titolare": "PowerPoint City Car", "id_via": "409", "nome_via": "PIAZZA ERCULEA", "localita": "PIAZZA ERCULEA 13", "numero_col": "1", "numero_pdr": "2", "infra": "AC Normal", "progetto": "PROGETTI PRIVATI NUOVA PROCEDURA (dopo 15.10.2018)", "note": "attiva", "ordinanza": "881/2021", "anno": "2021" }, "geometry": { "type": "Point", "coordinates": [ 9.189637482843874, 45.458810752777119 ] } },
{ "type": "Feature", "properties": { "id_amat": 242, "municipio": "1", "id_sottonil": "92", "id_nil": "6", "nome_nil": "TICINESE", "cerchia": "BASTIONI", "ambito_id": "7", "ambito_nome": "Magenta - San Vittore", "attuazione": "3", "tipologia": "F", "titolare": "BeCharge", "id_via": "5164", "nome_via": "CORSO GENOVA", "localita": "CORSO GENOVA 27", "numero_col": "1", "numero_pdr": "2", "infra": "AC-DC Fast", "progetto": "PROGETTI PRIVATI NUOVA PROCEDURA (dopo 15.10.2018)", "note": "attiva", "ordinanza": "2326/2021", "anno": "2021" }, "geometry": { "type": "Point", "coordinates": [ 9.174387155653532, 45.456363631448269 ] } },
{ "type": "Feature", "properties": { "id_amat": 243, "municipio": "2", "id_sottonil": "88", "id_nil": "10", "nome_nil": "CENTRALE", "cerchia": "FILOVIARIA", "ambito_id": "12", "ambito_nome": "Lazzaretto - Buenos Aires", "attuazione": "3", "tipologia": "N", "titolare": "PowerPoint City Car", "id_via": "2263", "nome_via": "VIALE BRIANZA", "localita": "VIALE BRIANZA 27", "numero_col": "1", "numero_pdr": "2", "infra": "AC Normal", "progetto": "PROGETTI PRIVATI NUOVA PROCEDURA (dopo 15.10.2018)", "note": "attiva", "ordinanza": "25/2022", "anno": "2022" }, "geometry": { "type": "Point", "coordinates": [ 9.211212439509325, 45.488344562393983 ] } },
{ "type": "Feature", "properties": { "id_amat": 244, "municipio": "9", "id_sottonil": "82", "id_nil": "9", "nome_nil": "GARIBALDI REPUBBLICA", "cerchia": "FILOVIARIA", "ambito_id": "9", "ambito_nome": "Centro Direzionale", "attuazione": "3", "tipologia": "F", "titolare": "Coima", "id_via": "1008", "nome_via": "VIALE DELLA LIBERAZIONE", "localita": "VIALE DELLA LIBERAZIONE 15", "numero_col": "1", "numero_pdr": "2", "infra": "AC-DC Fast", "progetto": "PROGETTI PRIVATI NUOVA PROCEDURA (dopo 15.10.2018)", "note": "attiva", "ordinanza": "881/2022", "anno": "2022" }, "geometry": { "type": "Point", "coordinates": [ 9.194998865377181, 45.481963484140472 ] } },
{ "type": "Feature", "properties": { "id_amat": 245, "municipio": "3", "id_sottonil": "85", "id_nil": "21", "nome_nil": "BUENOS AIRES - VENEZIA", "cerchia": "EXTRA-FILOVIARIA", "ambito_id": "13", "ambito_nome": "Buenos Aires - Bacone", "attuazione": "3", "tipologia": "N", "titolare": "BeCharge", "id_via": "2177", "nome_via": "VIALE ABRUZZI", "localita": "VIALE ABRUZZI 18", "numero_col": "1", "numero_pdr": "2", "infra": "AC Normal", "progetto": "PROGETTI PRIVATI NUOVA PROCEDURA (dopo 15.10.2018)", "note": "attiva", "ordinanza": "539/2022", "anno": "2022" }, "geometry": { "type": "Point", "coordinates": [ 9.217346557664609, 45.477121629266122 ] } },
{ "type": "Feature", "properties": { "id_amat": 246, "municipio": "8", "id_sottonil": "54", "id_nil": "67", "nome_nil": "PORTELLO", "cerchia": "FILOVIARIA", "ambito_id": "2", "ambito_nome": "Fiera", "attuazione": "3", "tipologia": "N", "titolare": "PowerPoint City Car", "id_via": "7163", "nome_via": "VIA RUGGERO DI LAURIA", "localita": "VIA RUGGERO DI LAURIA 4", "numero_col": "1", "numero_pdr": "2", "infra": "AC Normal", "progetto": "PROGETTI PRIVATI NUOVA PROCEDURA (dopo 15.10.2018)", "note": "attiva_revoca_1938/2021", "ordinanza": "305/2022", "anno": "2021" }, "geometry": { "type": "Point", "coordinates": [ 9.156293530099379, 45.485060286315935 ] } },
{ "type": "Feature", "properties": { "id_amat": 247, "municipio": "1", "id_sottonil": "34", "id_nil": "2", "nome_nil": "BRERA", "cerchia": "BASTIONI", "ambito_id": "1", "ambito_nome": "Centro storico", "attuazione": "3", "tipologia": "N", "titolare": "BeCharge", "id_via": "142", "nome_via": "VIA PISONI GASTONE", "localita": "VIA PISONI GASTONE 2", "numero_col": "1", "numero_pdr": "2", "infra": "AC Normal", "progetto": "PROGETTI PRIVATI NUOVA PROCEDURA (dopo 15.10.2018)", "note": "attiva", "ordinanza": "572/2022", "anno": "2022" }, "geometry": { "type": "Point", "coordinates": [ 9.1930555640878, 45.471026499061843 ] } },
{ "type": "Feature", "properties": { "id_amat": 248, "municipio": "7", "id_sottonil": "76", "id_nil": "56", "nome_nil": "FORZE ARMATE", "cerchia": "EXTRA-FILOVIARIA", "ambito_id": "8", "ambito_nome": "San Siro", "attuazione": "3", "tipologia": "N", "titolare": "PowerPoint City Car", "id_via": "6304", "nome_via": "VIA MARCHESI POMPEO", "localita": "VIA MARCHESI POMPEO 59", "numero_col": "1", "numero_pdr": "2", "infra": "AC Normal", "progetto": "PROGETTI PRIVATI NUOVA PROCEDURA (dopo 15.10.2018)", "note": "attiva_revoca_1948/2021", "ordinanza": "460/2022", "anno": "2021" }, "geometry": { "type": "Point", "coordinates": [ 9.102993045351688, 45.470644698358242 ] } },
{ "type": "Feature", "properties": { "id_amat": 249, "municipio": "3", "id_sottonil": "86", "id_nil": "21", "nome_nil": "BUENOS AIRES - VENEZIA", "cerchia": "FILOVIARIA", "ambito_id": "12", "ambito_nome": "Lazzaretto - Buenos Aires", "attuazione": "3", "tipologia": "N", "titolare": "PowerPoint City Car", "id_via": "2235", "nome_via": "VIA PIERLUIGI GIOVANNI DA PALESTRINA", "localita": "VIA PIER LUIGI DA PALESTRINA 22", "numero_col": "1", "numero_pdr": "2", "infra": "AC Normal", "progetto": "PROGETTI PRIVATI NUOVA PROCEDURA (dopo 15.10.2018)", "note": "attiva", "ordinanza": "26/2022", "anno": "2022" }, "geometry": { "type": "Point", "coordinates": [ 9.21143074906597, 45.486509321881371 ] } },
{ "type": "Feature", "properties": { "id_amat": 250, "municipio": "9", "id_sottonil": "82", "id_nil": "9", "nome_nil": "GARIBALDI REPUBBLICA", "cerchia": "FILOVIARIA", "ambito_id": "9", "ambito_nome": "Centro Direzionale", "attuazione": "3", "tipologia": "N", "titolare": "PowerPoint City Car", "id_via": "1117", "nome_via": "VIA DE CRISTOFORIS CARLO", "localita": "VIA DE CRISTOFORIS CARLO 7", "numero_col": "1", "numero_pdr": "2", "infra": "AC Normal", "progetto": "PROGETTI PRIVATI NUOVA PROCEDURA (dopo 15.10.2018)", "note": "attiva", "ordinanza": "982/2021", "anno": "2021" }, "geometry": { "type": "Point", "coordinates": [ 9.189144850529468, 45.481776620596932 ] } },
{ "type": "Feature", "properties": { "id_amat": 251, "municipio": "1", "id_sottonil": "33", "id_nil": "4", "nome_nil": "GUASTALLA", "cerchia": "BASTIONI", "ambito_id": "5", "ambito_nome": "Romana - Vittoria", "attuazione": "3", "tipologia": "N", "titolare": "BeCharge", "id_via": "3031", "nome_via": "VIA CONSERVATORIO", "localita": "VIA CONSERVATORIO 15", "numero_col": "1", "numero_pdr": "2", "infra": "AC Normal", "progetto": "PROGETTI PRIVATI NUOVA PROCEDURA (dopo 15.10.2018)", "note": "attiva", "ordinanza": "56/2022", "anno": "2022" }, "geometry": { "type": "Point", "coordinates": [ 9.202366995102283, 45.466640581605205 ] } },
{ "type": "Feature", "properties": { "id_amat": 253, "municipio": "1", "id_sottonil": "35", "id_nil": "1", "nome_nil": "DUOMO", "cerchia": "BASTIONI", "ambito_id": "1", "ambito_nome": "Centro storico", "attuazione": "3", "tipologia": "N", "titolare": "Edison", "id_via": "711", "nome_via": "FORO BUONAPARTE", "localita": "FORO BUONAPARTE 31", "numero_col": "2", "numero_pdr": "4", "infra": "AC Normal", "progetto": "PROGETTI PRIVATI NUOVA PROCEDURA (dopo 15.10.2018)", "note": "attiva_revoca_1984/2021", "ordinanza": "1232/2023", "anno": "2021" }, "geometry": { "type": "Point", "coordinates": [ 9.178763745562474, 45.46762266483244 ] } },
{ "type": "Feature", "properties": { "id_amat": 256, "municipio": "2", "id_sottonil": "88", "id_nil": "10", "nome_nil": "CENTRALE", "cerchia": "FILOVIARIA", "ambito_id": "12", "ambito_nome": "Lazzaretto - Buenos Aires", "attuazione": "3", "tipologia": "N", "titolare": "PowerPoint City Car", "id_via": "2107", "nome_via": "VIALE VITTORIO VENETO", "localita": "VIALE VITTORIO VENETO 18A", "numero_col": "1", "numero_pdr": "2", "infra": "AC Normal", "progetto": "PROGETTI PRIVATI NUOVA PROCEDURA (dopo 15.10.2018)", "note": "attiva", "ordinanza": "1941/2021", "anno": "2021" }, "geometry": { "type": "Point", "coordinates": [ 9.20074388552535, 45.476819343445108 ] } },
{ "type": "Feature", "properties": { "id_amat": 257, "municipio": "1", "id_sottonil": "33", "id_nil": "4", "nome_nil": "GUASTALLA", "cerchia": "BASTIONI", "ambito_id": "14", "ambito_nome": "Piave - Bixio", "attuazione": "3", "tipologia": "N", "titolare": "PowerPoint City Car", "id_via": "2179", "nome_via": "VIALE PIAVE", "localita": "VIALE PIAVE 37", "numero_col": "1", "numero_pdr": "2", "infra": "AC Normal", "progetto": "PROGETTI PRIVATI NUOVA PROCEDURA (dopo 15.10.2018)", "note": "attiva", "ordinanza": "1944/2021", "anno": "2021" }, "geometry": { "type": "Point", "coordinates": [ 9.206369656635498, 45.473234522042041 ] } },
{ "type": "Feature", "properties": { "id_amat": 258, "municipio": "4", "id_sottonil": "84", "id_nil": "26", "nome_nil": "XXII MARZO", "cerchia": "FILOVIARIA", "ambito_id": "14", "ambito_nome": "Piave - Bixio", "attuazione": "3", "tipologia": "N", "titolare": "PowerPoint City Car", "id_via": "3088", "nome_via": "VIA MAMELI GOFFREDO", "localita": "VIA MAMELI GOFFREDO", "numero_col": "1", "numero_pdr": "2", "infra": "AC Normal", "progetto": "PROGETTI PRIVATI NUOVA PROCEDURA (dopo 15.10.2018)", "note": "attiva_revoca_2001/2021", "ordinanza": "829/2024", "anno": "2021" }, "geometry": { "type": "Point", "coordinates": [ 9.21343526737256, 45.467480435193863 ] } },
{ "type": "Feature", "properties": { "id_amat": 259, "municipio": "1", "id_sottonil": "37", "id_nil": "7", "nome_nil": "MAGENTA - S. VITTORE", "cerchia": "BASTIONI", "ambito_id": "7", "ambito_nome": "Magenta - San Vittore", "attuazione": "3", "tipologia": "N", "titolare": "PowerPoint City Car", "id_via": "647", "nome_via": "VIA SAN VITTORE", "localita": "VIA SAN VITTORE 34", "numero_col": "1", "numero_pdr": "2", "infra": "AC Normal", "progetto": "PROGETTI PRIVATI NUOVA PROCEDURA (dopo 15.10.2018)", "note": "attiva", "ordinanza": "887/2021", "anno": "2021" }, "geometry": { "type": "Point", "coordinates": [ 9.167872121780896, 45.464152335358165 ] } },
{ "type": "Feature", "properties": { "id_amat": 260, "municipio": "3", "id_sottonil": "28", "id_nil": "22", "nome_nil": "CITTA' STUDI", "cerchia": "EXTRA-FILOVIARIA", "ambito_id": "31", "ambito_nome": "Argonne", "attuazione": "3", "tipologia": "N", "titolare": "PowerPoint City Car", "id_via": "3208", "nome_via": "VIA SANGALLO", "localita": "VIA SANGALLO 33", "numero_col": "1", "numero_pdr": "2", "infra": "AC Normal", "progetto": "PROGETTI PRIVATI NUOVA PROCEDURA (dopo 15.10.2018)", "note": "attiva", "ordinanza": "1590/2020", "anno": "2020" }, "geometry": { "type": "Point", "coordinates": [ 9.228992870128208, 45.471779852872118 ] } },
{ "type": "Feature", "properties": { "id_amat": 261, "municipio": "4", "id_sottonil": "83", "id_nil": "26", "nome_nil": "XXII MARZO", "cerchia": "EXTRA-FILOVIARIA", "ambito_id": "15", "ambito_nome": "Novelli", "attuazione": "3", "tipologia": "F", "titolare": "BeCharge", "id_via": "3142", "nome_via": "VIA DOSSI ANTONIO ", "localita": "VIA DOSSI ANTONIO 10", "numero_col": "1", "numero_pdr": "2", "infra": "AC-DC Fast", "progetto": "PROGETTI PRIVATI NUOVA PROCEDURA (dopo 15.10.2018)", "note": "attiva", "ordinanza": "41/2022 ", "anno": "2022" }, "geometry": { "type": "Point", "coordinates": [ 9.220241180928612, 45.460970941337749 ] } },
{ "type": "Feature", "properties": { "id_amat": 262, "municipio": "1", "id_sottonil": "34", "id_nil": "2", "nome_nil": "BRERA", "cerchia": "BASTIONI", "ambito_id": "4", "ambito_nome": "Venezia", "attuazione": "3", "tipologia": "N", "titolare": "PowerPoint City Car", "id_via": "237", "nome_via": "PIAZZA CAVOUR", "localita": "PIAZZA CAVOUR 5", "numero_col": "1", "numero_pdr": "2", "infra": "AC Normal", "progetto": "PROGETTI PRIVATI NUOVA PROCEDURA (dopo 15.10.2018)", "note": "attiva", "ordinanza": "879/2021", "anno": "2021" }, "geometry": { "type": "Point", "coordinates": [ 9.195540900296528, 45.473073404890627 ] } },
{ "type": "Feature", "properties": { "id_amat": 263, "municipio": "6", "id_sottonil": "15", "id_nil": "45", "nome_nil": "S. CRISTOFORO", "cerchia": "EXTRA-FILOVIARIA", "ambito_id": "25", "ambito_nome": "Abbiategrasso", "attuazione": "3", "tipologia": "N", "titolare": "PowerPoint City Car", "id_via": "5269", "nome_via": "VIA RIMINI", "localita": "VIA RIMINI 30", "numero_col": "1", "numero_pdr": "2", "infra": "AC Normal", "progetto": "PROGETTI PRIVATI NUOVA PROCEDURA (dopo 15.10.2018)", "note": "attiva", "ordinanza": "1501/2021", "anno": "2021" }, "geometry": { "type": "Point", "coordinates": [ 9.170611344492052, 45.440815539438042 ] } },
{ "type": "Feature", "properties": { "id_amat": 264, "municipio": "3", "id_sottonil": "86", "id_nil": "21", "nome_nil": "BUENOS AIRES - VENEZIA", "cerchia": "FILOVIARIA", "ambito_id": "14", "ambito_nome": "Piave - Bixio", "attuazione": "3", "tipologia": "N", "titolare": "PowerPoint City Car", "id_via": "2188", "nome_via": "VIA PISACANE CARLO", "localita": "VIA PISACANE CARLO 26", "numero_col": "1", "numero_pdr": "2", "infra": "AC Normal", "progetto": "PROGETTI PRIVATI NUOVA PROCEDURA (dopo 15.10.2018)", "note": "attiva_revoca_813/2021", "ordinanza": "79/2023", "anno": "2021" }, "geometry": { "type": "Point", "coordinates": [ 9.211260460012362, 45.471255743366569 ] } },
{ "type": "Feature", "properties": { "id_amat": 265, "municipio": "1", "id_sottonil": "34", "id_nil": "2", "nome_nil": "BRERA", "cerchia": "BASTIONI", "ambito_id": "1", "ambito_nome": "Centro storico", "attuazione": "3", "tipologia": "N", "titolare": "BeCharge", "id_via": "703", "nome_via": "VIA LANZA GIOVANNI", "localita": "VIA LANZA GIOVANNI 6", "numero_col": "1", "numero_pdr": "2", "infra": "AC Normal", "progetto": "PROGETTI PRIVATI NUOVA PROCEDURA (dopo 15.10.2018)", "note": "attiva", "ordinanza": "570/2022", "anno": "2022" }, "geometry": { "type": "Point", "coordinates": [ 9.181583303499368, 45.471367833398283 ] } },
{ "type": "Feature", "properties": { "id_amat": 266, "municipio": "1", "id_sottonil": "34", "id_nil": "2", "nome_nil": "BRERA", "cerchia": "BASTIONI", "ambito_id": "3", "ambito_nome": "Garibaldi", "attuazione": "3", "tipologia": "F", "titolare": "BeCharge", "id_via": "1016", "nome_via": "VIA DELLA MOSCOVA", "localita": "VIA DELLA MOSCOVA 49-VIA di Porta Tenaglia", "numero_col": "1", "numero_pdr": "2", "infra": "AC-DC Fast", "progetto": "PROGETTI PRIVATI NUOVA PROCEDURA (dopo 15.10.2018)", "note": "attiva", "ordinanza": "555/2022", "anno": "2022" }, "geometry": { "type": "Point", "coordinates": [ 9.183064180658167, 45.47781765733577 ] } },
{ "type": "Feature", "properties": { "id_amat": 267, "municipio": "1", "id_sottonil": "34", "id_nil": "2", "nome_nil": "BRERA", "cerchia": "BASTIONI", "ambito_id": "1", "ambito_nome": "Centro storico", "attuazione": "3", "tipologia": "N", "titolare": "A2A Energy Solutions", "id_via": "720", "nome_via": "VIA BROLETTO", "localita": "VIA BROLETTO 44", "numero_col": "1", "numero_pdr": "2", "infra": "AC Normal", "progetto": "PROGETTO E-MOVING", "note": "attiva_revoca_610/2016", "ordinanza": "524/2023", "anno": "2016" }, "geometry": { "type": "Point", "coordinates": [ 9.185622094049796, 45.468126603009701 ] } },
{ "type": "Feature", "properties": { "id_amat": 268, "municipio": "8", "id_sottonil": "55", "id_nil": "59", "nome_nil": "TRE TORRI", "cerchia": "FILOVIARIA", "ambito_id": "2", "ambito_nome": "Fiera", "attuazione": "4", "tipologia": "Q", "titolare": "A2A Energy Solutions", "id_via": "6363", "nome_via": "PIAZZA AMENDOLA GIOVANNI", "localita": "PIAZZA AMENDOLA GIOVANNI 3", "numero_col": "3", "numero_pdr": "6", "infra": "AC Normal", "progetto": "ELECTRIC CITY MOVERS - ISOLE DIGITALI ", "note": "attiva_revampizzata", "ordinanza": "68347/2012", "anno": "2021" }, "geometry": { "type": "Point", "coordinates": [ 9.151519510814694, 45.473584769799437 ] } },
{ "type": "Feature", "properties": { "id_amat": 269, "municipio": "9", "id_sottonil": "52", "id_nil": "15", "nome_nil": "BICOCCA", "cerchia": "EXTRA-FILOVIARIA", "ambito_id": "43", "ambito_nome": "Zara - Testi", "attuazione": "3", "tipologia": "F", "titolare": "BeCharge", "id_via": "1441", "nome_via": "VIALE TESTI FULVIO", "localita": "VIALE TESTI FULVIO 262", "numero_col": "1", "numero_pdr": "2", "infra": "AC-DC Fast", "progetto": "PROGETTI PRIVATI NUOVA PROCEDURA (dopo 15.10.2018)", "note": "attiva", "ordinanza": "676/2022", "anno": "2022" }, "geometry": { "type": "Point", "coordinates": [ 9.210456625782378, 45.522913609158948 ] } },
{ "type": "Feature", "properties": { "id_amat": 270, "municipio": "1", "id_sottonil": "34", "id_nil": "2", "nome_nil": "BRERA", "cerchia": "BASTIONI", "ambito_id": "1", "ambito_nome": "Centro storico", "attuazione": "3", "tipologia": "N", "titolare": "BeCharge", "id_via": "109", "nome_via": "VIA SAN PROTASO", "localita": "VIA SAN PROTASO", "numero_col": "1", "numero_pdr": "2", "infra": "AC Normal", "progetto": "PROGETTI PRIVATI NUOVA PROCEDURA (dopo 15.10.2018)", "note": "attiva", "ordinanza": "24/2022", "anno": "2022" }, "geometry": { "type": "Point", "coordinates": [ 9.188196692912694, 45.465947690779771 ] } },
{ "type": "Feature", "properties": { "id_amat": 274, "municipio": "2", "id_sottonil": "88", "id_nil": "10", "nome_nil": "CENTRALE", "cerchia": "FILOVIARIA", "ambito_id": "12", "ambito_nome": "Lazzaretto - Buenos Aires", "attuazione": "3", "tipologia": "N", "titolare": "BeCharge", "id_via": "2260", "nome_via": "PIAZZA LUIGI DI SAVOIA", "localita": "PIAZZA LUIGI DI SAVOIA 22", "numero_col": "3", "numero_pdr": "6", "infra": "AC Normal", "progetto": "PROGETTI PRIVATI NUOVA PROCEDURA (dopo 15.10.2018)", "note": "attiva", "ordinanza": "604/2022", "anno": "2022" }, "geometry": { "type": "Point", "coordinates": [ 9.207186545018075, 45.485579488191114 ] } },
{ "type": "Feature", "properties": { "id_amat": 275, "municipio": "9", "id_sottonil": "93", "id_nil": "12", "nome_nil": "MACIACHINI - MAGGIOLINA", "cerchia": "EXTRA-FILOVIARIA", "ambito_id": "43", "ambito_nome": "Zara - Testi", "attuazione": "3", "tipologia": "N", "titolare": "BeCharge", "id_via": "1316", "nome_via": "VIA MURAT GIOACCHINO", "localita": "VIA MURAT GIOACCHINO 4", "numero_col": "1", "numero_pdr": "2", "infra": "AC Normal", "progetto": "PROGETTI PRIVATI NUOVA PROCEDURA (dopo 15.10.2018)", "note": "attiva", "ordinanza": "560/2022", "anno": "2022" }, "geometry": { "type": "Point", "coordinates": [ 9.191908571985435, 45.49703853284155 ] } },
{ "type": "Feature", "properties": { "id_amat": 276, "municipio": "6", "id_sottonil": "14", "id_nil": "49", "nome_nil": "GIAMBELLINO", "cerchia": "EXTRA-FILOVIARIA", "ambito_id": null, "ambito_nome": null, "attuazione": "3", "tipologia": "N", "titolare": "BeCharge", "id_via": "5136", "nome_via": "VIA GIAMBELLINO", "localita": "VIA GIAMBELLINO 115", "numero_col": "1", "numero_pdr": "2", "infra": "AC Normal", "progetto": "PROGETTI PRIVATI NUOVA PROCEDURA (dopo 15.10.2018)", "note": "attiva", "ordinanza": "1037/2022", "anno": "2022" }, "geometry": { "type": "Point", "coordinates": [ 9.141248621631849, 45.448147724571342 ] } },
{ "type": "Feature", "properties": { "id_amat": 278, "municipio": "9", "id_sottonil": "52", "id_nil": "15", "nome_nil": "BICOCCA", "cerchia": "EXTRA-FILOVIARIA", "ambito_id": "43", "ambito_nome": "Zara - Testi", "attuazione": "3", "tipologia": "N", "titolare": "BeCharge", "id_via": "1731", "nome_via": "VIALE DELLA INNOVAZIONE", "localita": "VIALE DELLA INNOVAZIONE 13", "numero_col": "1", "numero_pdr": "2", "infra": "AC Normal", "progetto": "PROGETTI PRIVATI NUOVA PROCEDURA (dopo 15.10.2018)", "note": "attiva", "ordinanza": "566/2022", "anno": "2022" }, "geometry": { "type": "Point", "coordinates": [ 9.213399814546406, 45.515588877058391 ] } },
{ "type": "Feature", "properties": { "id_amat": 279, "municipio": "5", "id_sottonil": "17", "id_nil": "43", "nome_nil": "TIBALDI", "cerchia": "EXTRA-FILOVIARIA", "ambito_id": "25", "ambito_nome": "Abbiategrasso", "attuazione": "3", "tipologia": "F", "titolare": "BeCharge", "id_via": "5253", "nome_via": "VIA SANT'AMPELLIO", "localita": "VIA SANT'AMPELLIO 16", "numero_col": "1", "numero_pdr": "2", "infra": "AC-DC Fast", "progetto": "PROGETTI PRIVATI NUOVA PROCEDURA (dopo 15.10.2018)", "note": "attiva", "ordinanza": "580/2022", "anno": "2022" }, "geometry": { "type": "Point", "coordinates": [ 9.184965199585728, 45.438237470216805 ] } },
{ "type": "Feature", "properties": { "id_amat": 280, "municipio": "2", "id_sottonil": "69", "id_nil": "20", "nome_nil": "LORETO", "cerchia": "EXTRA-FILOVIARIA", "ambito_id": "30", "ambito_nome": "Monza", "attuazione": "3", "tipologia": "N", "titolare": "BeCharge", "id_via": "2287", "nome_via": "VIA OXILIA NINO", "localita": "VIA OXILIA NINO 15", "numero_col": "1", "numero_pdr": "2", "infra": "AC Normal", "progetto": "PROGETTI PRIVATI NUOVA PROCEDURA (dopo 15.10.2018)", "note": "attiva", "ordinanza": "593/2022", "anno": "2022" }, "geometry": { "type": "Point", "coordinates": [ 9.215046937322212, 45.492292216120774 ] } },
{ "type": "Feature", "properties": { "id_amat": 281, "municipio": "5", "id_sottonil": "22", "id_nil": "37", "nome_nil": "EX OM - MORIVIONE", "cerchia": "EXTRA-FILOVIARIA", "ambito_id": null, "ambito_nome": null, "attuazione": "3", "tipologia": "F", "titolare": "BeCharge", "id_via": "4066", "nome_via": "VIA RIPAMONTI GIUSEPPE", "localita": "VIA RIPAMONTI GIUSEPPE 114", "numero_col": "1", "numero_pdr": "2", "infra": "AC-DC Fast", "progetto": "PROGETTI PRIVATI NUOVA PROCEDURA (dopo 15.10.2018)", "note": "attiva", "ordinanza": "575/2022", "anno": "2022" }, "geometry": { "type": "Point", "coordinates": [ 9.199908752213197, 45.439395671156646 ] } },
{ "type": "Feature", "properties": { "id_amat": 282, "municipio": "8", "id_sottonil": "8", "id_nil": "65", "nome_nil": "GALLARATESE", "cerchia": "EXTRA-FILOVIARIA", "ambito_id": "34", "ambito_nome": "Molino Dorino", "attuazione": "3", "tipologia": "N", "titolare": "BeCharge", "id_via": "7526", "nome_via": "VIA CILEA FRANCESCO", "localita": "VIA CILEA FRANCESCO-VIA Gaetano Fichera", "numero_col": "1", "numero_pdr": "2", "infra": "AC Normal", "progetto": "PROGETTI PRIVATI NUOVA PROCEDURA (dopo 15.10.2018)", "note": "attiva", "ordinanza": "558/2022", "anno": "2022" }, "geometry": { "type": "Point", "coordinates": [ 9.096874096142834, 45.499912087967481 ] } },
{ "type": "Feature", "properties": { "id_amat": 288, "municipio": "3", "id_sottonil": "7", "id_nil": "18", "nome_nil": "PARCO LAMBRO - CIMIANO", "cerchia": "EXTRA-FILOVIARIA", "ambito_id": null, "ambito_nome": null, "attuazione": "3", "tipologia": "N", "titolare": "BeCharge", "id_via": "2652", "nome_via": "VIA FELTRE", "localita": "VIA FELTRE-VIA Passo Mendola", "numero_col": "1", "numero_pdr": "2", "infra": "AC Normal", "progetto": "PROGETTI PRIVATI NUOVA PROCEDURA (dopo 15.10.2018)", "note": "attiva", "ordinanza": "836/2022", "anno": "2022" }, "geometry": { "type": "Point", "coordinates": [ 9.24667222744773, 45.491313894282946 ] } },
{ "type": "Feature", "properties": { "id_amat": 292, "municipio": "6", "id_sottonil": "58", "id_nil": "50", "nome_nil": "TORTONA", "cerchia": "FILOVIARIA", "ambito_id": "20", "ambito_nome": "Solari - Bergognone", "attuazione": "3", "tipologia": "F", "titolare": "BeCharge", "id_via": "6091", "nome_via": "VIA MONTEVIDEO", "localita": "VIA MONTEVIDEO 15", "numero_col": "1", "numero_pdr": "2", "infra": "AC-DC Fast", "progetto": "PROGETTI PRIVATI NUOVA PROCEDURA (dopo 15.10.2018)", "note": "attiva", "ordinanza": "1005/2022", "anno": "2022" }, "geometry": { "type": "Point", "coordinates": [ 9.165145828445381, 45.457611449655687 ] } },
{ "type": "Feature", "properties": { "id_amat": 293, "municipio": "6", "id_sottonil": "14", "id_nil": "49", "nome_nil": "GIAMBELLINO", "cerchia": "EXTRA-FILOVIARIA", "ambito_id": null, "ambito_nome": null, "attuazione": "3", "tipologia": "N", "titolare": "BeCharge", "id_via": "5378", "nome_via": "PIAZZA TIRANA", "localita": "PIAZZA TIRANA 17", "numero_col": "2", "numero_pdr": "4", "infra": "AC Normal", "progetto": "PROGETTI PRIVATI NUOVA PROCEDURA (dopo 15.10.2018)", "note": "attiva", "ordinanza": "1502/2024", "anno": "2024" }, "geometry": { "type": "Point", "coordinates": [ 9.130315165023772, 45.443292791757393 ] } },
{ "type": "Feature", "properties": { "id_amat": 295, "municipio": "7", "id_sottonil": "74", "id_nil": "51", "nome_nil": "WASHINGTON", "cerchia": "FILOVIARIA", "ambito_id": "21", "ambito_nome": "Washington", "attuazione": "3", "tipologia": "N", "titolare": "BeCharge", "id_via": "6238", "nome_via": "VIA DIGIONE", "localita": "VIA DIGIONE 9", "numero_col": "1", "numero_pdr": "2", "infra": "AC Normal", "progetto": "PROGETTI PRIVATI NUOVA PROCEDURA (dopo 15.10.2018)", "note": "attiva", "ordinanza": "989/2022", "anno": "2022" }, "geometry": { "type": "Point", "coordinates": [ 9.155159225188058, 45.460465029581805 ] } },
{ "type": "Feature", "properties": { "id_amat": 299, "municipio": "9", "id_sottonil": "20", "id_nil": "80", "nome_nil": "AFFORI", "cerchia": "EXTRA-FILOVIARIA", "ambito_id": "42", "ambito_nome": "Intorni Di Stazioni Della Linea Metropolitana M3 Comasina", "attuazione": "3", "tipologia": "F", "titolare": "BeCharge", "id_via": "1510", "nome_via": "VIA ROSSI PELLEGRINO", "localita": "VIA ROSSI PELLEGRINO 33", "numero_col": "1", "numero_pdr": "2", "infra": "AC-DC Fast", "progetto": "PROGETTI PRIVATI NUOVA PROCEDURA (dopo 15.10.2018)", "note": "attiva", "ordinanza": "788/2022", "anno": "2022" }, "geometry": { "type": "Point", "coordinates": [ 9.176646564804757, 45.50956027127576 ] } },
{ "type": "Feature", "properties": { "id_amat": 304, "municipio": "6", "id_sottonil": "59", "id_nil": "44", "nome_nil": "NAVIGLI", "cerchia": "FILOVIARIA", "ambito_id": "19", "ambito_nome": "Liguria - Romolo", "attuazione": "3", "tipologia": "F", "titolare": "BeCharge", "id_via": "5155", "nome_via": "VIA GIOVANNI SEGANTINI", "localita": "VIA SEGANTINI GIOVANNI-VIA Giosuè Borsi", "numero_col": "1", "numero_pdr": "2", "infra": "AC-DC Fast", "progetto": "PROGETTI PRIVATI NUOVA PROCEDURA (dopo 15.10.2018)", "note": "attiva_revoca_1431/2022", "ordinanza": "893/2023", "anno": "2022" }, "geometry": { "type": "Point", "coordinates": [ 9.172875498029693, 45.447391961913496 ] } },
{ "type": "Feature", "properties": { "id_amat": 306, "municipio": "2", "id_sottonil": "21", "id_nil": "19", "nome_nil": "PADOVA", "cerchia": "EXTRA-FILOVIARIA", "ambito_id": null, "ambito_nome": null, "attuazione": "3", "tipologia": "F", "titolare": "BeCharge", "id_via": "2376", "nome_via": "VIA DERNA", "localita": "VIA DERNA-VIA Benadir", "numero_col": "1", "numero_pdr": "2", "infra": "AC-DC Fast", "progetto": "PROGETTI PRIVATI NUOVA PROCEDURA (dopo 15.10.2018)", "note": "attiva", "ordinanza": "870/2022", "anno": "2022" }, "geometry": { "type": "Point", "coordinates": [ 9.236371111398137, 45.499214224442973 ] } },
{ "type": "Feature", "properties": { "id_amat": 307, "municipio": "6", "id_sottonil": "41", "id_nil": "46", "nome_nil": "BARONA", "cerchia": "EXTRA-FILOVIARIA", "ambito_id": null, "ambito_nome": null, "attuazione": "3", "tipologia": "N", "titolare": "BeCharge", "id_via": "5424", "nome_via": "VIA SAN VIGILIO", "localita": "VIA SAN VIGILIO-Ingresso Pronto Soccorso", "numero_col": "1", "numero_pdr": "2", "infra": "AC Normal", "progetto": "PROGETTI PRIVATI NUOVA PROCEDURA (dopo 15.10.2018)", "note": "attiva", "ordinanza": "1022/2022", "anno": "2022" }, "geometry": { "type": "Point", "coordinates": [ 9.161870389956205, 45.433022821938621 ] } },
{ "type": "Feature", "properties": { "id_amat": 310, "municipio": "1", "id_sottonil": "35", "id_nil": "1", "nome_nil": "DUOMO", "cerchia": "BASTIONI", "ambito_id": "1", "ambito_nome": "Centro storico", "attuazione": "3", "tipologia": "N", "titolare": "A2A Energy Solutions", "id_via": "338", "nome_via": "VIA PAOLO DA CANNOBIO", "localita": "VIA PAOLO DA CANNOBIO 9", "numero_col": "1", "numero_pdr": "2", "infra": "AC Normal", "progetto": "PROGETTI PRIVATI NUOVA PROCEDURA (dopo 15.10.2018)", "note": "attiva_revoca_1252/2022", "ordinanza": "708/2023", "anno": "2022" }, "geometry": { "type": "Point", "coordinates": [ 9.190571182711812, 45.461517053002389 ] } },
{ "type": "Feature", "properties": { "id_amat": 312, "municipio": "1", "id_sottonil": "35", "id_nil": "1", "nome_nil": "DUOMO", "cerchia": "BASTIONI", "ambito_id": "1", "ambito_nome": "Centro storico", "attuazione": "3", "tipologia": "F", "titolare": "A2A Energy Solutions", "id_via": "410", "nome_via": "VIA LENTASIO", "localita": "VIA LENTASIO 1", "numero_col": "1", "numero_pdr": "2", "infra": "AC-DC Fast", "progetto": "PROGETTI PRIVATI NUOVA PROCEDURA (dopo 15.10.2018)", "note": "attiva", "ordinanza": "692/2022", "anno": "2022" }, "geometry": { "type": "Point", "coordinates": [ 9.19171843989548, 45.458431798758006 ] } },
{ "type": "Feature", "properties": { "id_amat": 314, "municipio": "1", "id_sottonil": "35", "id_nil": "1", "nome_nil": "DUOMO", "cerchia": "BASTIONI", "ambito_id": "1", "ambito_nome": "Centro storico", "attuazione": "3", "tipologia": "N", "titolare": "A2A Energy Solutions", "id_via": "623", "nome_via": "VIA NEGRI GAETANO", "localita": "VIA NEGRI GAETANO 10", "numero_col": "1", "numero_pdr": "2", "infra": "AC Normal", "progetto": "PROGETTI PRIVATI NUOVA PROCEDURA (dopo 15.10.2018)", "note": "attiva", "ordinanza": "530/2022", "anno": "2022" }, "geometry": { "type": "Point", "coordinates": [ 9.183879980530447, 45.465119081868046 ] } },
{ "type": "Feature", "properties": { "id_amat": 320, "municipio": "1", "id_sottonil": "34", "id_nil": "2", "nome_nil": "BRERA", "cerchia": "BASTIONI", "ambito_id": "3", "ambito_nome": "Garibaldi", "attuazione": "3", "tipologia": "N", "titolare": "A2A Energy Solutions", "id_via": "1048", "nome_via": "VIA DE MARCHI MARCO", "localita": "VIA DE MARCHI MARCO 1", "numero_col": "1", "numero_pdr": "2", "infra": "AC Normal", "progetto": "PROGETTI PRIVATI NUOVA PROCEDURA (dopo 15.10.2018)", "note": "attiva", "ordinanza": "644/2022", "anno": "2022" }, "geometry": { "type": "Point", "coordinates": [ 9.192775407510434, 45.47303746501688 ] } },
{ "type": "Feature", "properties": { "id_amat": 323, "municipio": "9", "id_sottonil": "82", "id_nil": "9", "nome_nil": "GARIBALDI REPUBBLICA", "cerchia": "FILOVIARIA", "ambito_id": "9", "ambito_nome": "Centro Direzionale", "attuazione": "3", "tipologia": "N", "titolare": "BeCharge", "id_via": "1114", "nome_via": "VIA FARINI CARLO", "localita": "VIA FARINI CARLO 4", "numero_col": "1", "numero_pdr": "2", "infra": "AC Normal", "progetto": "PROGETTI PRIVATI NUOVA PROCEDURA (dopo 15.10.2018)", "note": "attiva", "ordinanza": "1145/2022", "anno": "2022" }, "geometry": { "type": "Point", "coordinates": [ 9.181700494895289, 45.483140440796788 ] } },
{ "type": "Feature", "properties": { "id_amat": 324, "municipio": "2", "id_sottonil": "93", "id_nil": "12", "nome_nil": "MACIACHINI - MAGGIOLINA", "cerchia": "EXTRA-FILOVIARIA", "ambito_id": "43", "ambito_nome": "Zara - Testi", "attuazione": "3", "tipologia": "N", "titolare": "A2A Energy Solutions", "id_via": "1170", "nome_via": "VIALE ZARA", "localita": "VIALE ZARA 112", "numero_col": "1", "numero_pdr": "2", "infra": "AC Normal", "progetto": "PROGETTI PRIVATI NUOVA PROCEDURA (dopo 15.10.2018)", "note": "attiva", "ordinanza": "800/2023", "anno": "2023" }, "geometry": { "type": "Point", "coordinates": [ 9.196424949576691, 45.498263460921294 ] } },
{ "type": "Feature", "properties": { "id_amat": 327, "municipio": "2", "id_sottonil": "68", "id_nil": "13", "nome_nil": "GRECO", "cerchia": "EXTRA-FILOVIARIA", "ambito_id": "43", "ambito_nome": "Zara - Testi", "attuazione": "3", "tipologia": "F", "titolare": "BeCharge", "id_via": "1202", "nome_via": "VIA SAMMARTINI GIOVANNI BATTISTA", "localita": "VIA SAMMARTINI GIOVANNI BATTISTA 73", "numero_col": "1", "numero_pdr": "2", "infra": "AC-DC Fast", "progetto": "PROGETTI PRIVATI NUOVA PROCEDURA (dopo 15.10.2018)", "note": "attiva", "ordinanza": "871/2022", "anno": "2022" }, "geometry": { "type": "Point", "coordinates": [ 9.212424735796386, 45.495930915050039 ] } },
{ "type": "Feature", "properties": { "id_amat": 328, "municipio": "2", "id_sottonil": "71", "id_nil": "11", "nome_nil": "ISOLA", "cerchia": "FILOVIARIA", "ambito_id": "11", "ambito_nome": "Sondrio", "attuazione": "3", "tipologia": "N", "titolare": "A2A Energy Solutions", "id_via": "1212", "nome_via": "VIALE SONDRIO", "localita": "VIALE SONDRIO 5", "numero_col": "1", "numero_pdr": "2", "infra": "AC Normal", "progetto": "PROGETTI PRIVATI NUOVA PROCEDURA (dopo 15.10.2018)", "note": "attiva", "ordinanza": "1353/2022", "anno": "2022" }, "geometry": { "type": "Point", "coordinates": [ 9.200037330609819, 45.490077408799209 ] } },
{ "type": "Feature", "properties": { "id_amat": 329, "municipio": "2", "id_sottonil": "87", "id_nil": "10", "nome_nil": "CENTRALE", "cerchia": "EXTRA-FILOVIARIA", "ambito_id": "43", "ambito_nome": "Zara - Testi", "attuazione": "3", "tipologia": "F", "titolare": "A2A Energy Solutions", "id_via": "1216", "nome_via": "VIA ZURETTI GIANFRANCO", "localita": "VIA ZURETTI GIANFRANCO 34", "numero_col": "1", "numero_pdr": "2", "infra": "AC-DC Fast", "progetto": "PROGETTI PRIVATI NUOVA PROCEDURA (dopo 15.10.2018)", "note": "attiva", "ordinanza": "941/2023", "anno": "2023" }, "geometry": { "type": "Point", "coordinates": [ 9.208335068673804, 45.493838411786108 ] } },
{ "type": "Feature", "properties": { "id_amat": 330, "municipio": "9", "id_sottonil": "24", "id_nil": "78", "nome_nil": "FARINI", "cerchia": "FILOVIARIA", "ambito_id": "10", "ambito_nome": "Farini", "attuazione": "3", "tipologia": "N", "titolare": "A2A Energy Solutions", "id_via": "1221", "nome_via": "VIALE LANCETTI VINCENZO", "localita": "VIALE LANCETTI VINCENZO 40A", "numero_col": "1", "numero_pdr": "2", "infra": "AC Normal", "progetto": "PROGETTI PRIVATI NUOVA PROCEDURA (dopo 15.10.2018)", "note": "attiva", "ordinanza": "690/2024", "anno": "2024" }, "geometry": { "type": "Point", "coordinates": [ 9.173786917390252, 45.49514580915779 ] } },
{ "type": "Feature", "properties": { "id_amat": 331, "municipio": "9", "id_sottonil": "49", "id_nil": "77", "nome_nil": "BOVISA", "cerchia": "EXTRA-FILOVIARIA", "ambito_id": "42", "ambito_nome": "Intorni Di Stazioni Della Linea Metropolitana M3 Comasina", "attuazione": "3", "tipologia": "N", "titolare": "A2A Energy Solutions", "id_via": "1253", "nome_via": "VIA DEL BON ANGELO", "localita": "VIA DEL BON ANGELO 2", "numero_col": "1", "numero_pdr": "2", "infra": "AC Normal", "progetto": "PROGETTI PRIVATI NUOVA PROCEDURA (dopo 15.10.2018)", "note": "attiva", "ordinanza": "388/2023", "anno": "2023" }, "geometry": { "type": "Point", "coordinates": [ 9.165310348741713, 45.499741339540492 ] } },
{ "type": "Feature", "properties": { "id_amat": 332, "municipio": "9", "id_sottonil": "49", "id_nil": "77", "nome_nil": "BOVISA", "cerchia": "EXTRA-FILOVIARIA", "ambito_id": "42", "ambito_nome": "Intorni Di Stazioni Della Linea Metropolitana M3 Comasina", "attuazione": "3", "tipologia": "F", "titolare": "A2A Energy Solutions", "id_via": "1267", "nome_via": "VIA BALDINUCCI FILIPPO", "localita": "VIA BALDINUCCI FILIPPO 78", "numero_col": "1", "numero_pdr": "2", "infra": "AC-DC Fast", "progetto": "PROGETTI PRIVATI NUOVA PROCEDURA (dopo 15.10.2018)", "note": "attiva", "ordinanza": "1175/2022", "anno": "2022" }, "geometry": { "type": "Point", "coordinates": [ 9.167996729985004, 45.503110863302453 ] } },
{ "type": "Feature", "properties": { "id_amat": 335, "municipio": "9", "id_sottonil": "31", "id_nil": "14", "nome_nil": "NIGUARDA - CA' GRANDA", "cerchia": "EXTRA-FILOVIARIA", "ambito_id": "43", "ambito_nome": "Zara - Testi", "attuazione": "3", "tipologia": "F", "titolare": "A2A Energy Solutions", "id_via": "1449", "nome_via": "VIA MONTEROTONDO", "localita": "VIA MONTEROTONDO 3", "numero_col": "1", "numero_pdr": "2", "infra": "AC-DC Fast", "progetto": "PROGETTI PRIVATI NUOVA PROCEDURA (dopo 15.10.2018)", "note": "attiva", "ordinanza": "685/2022", "anno": "2022" }, "geometry": { "type": "Point", "coordinates": [ 9.194305152516183, 45.514935812113343 ] } },
{ "type": "Feature", "properties": { "id_amat": 336, "municipio": "9", "id_sottonil": "20", "id_nil": "80", "nome_nil": "AFFORI", "cerchia": "EXTRA-FILOVIARIA", "ambito_id": "42", "ambito_nome": "Intorni Di Stazioni Della Linea Metropolitana M3 Comasina", "attuazione": "3", "tipologia": "N", "titolare": "A2A Energy Solutions", "id_via": "1510", "nome_via": "VIA ROSSI PELLEGRINO", "localita": "VIA ROSSI PELLEGRINO 81", "numero_col": "1", "numero_pdr": "2", "infra": "AC Normal", "progetto": "PROGETTI PRIVATI NUOVA PROCEDURA (dopo 15.10.2018)", "note": "attiva", "ordinanza": "649/2024", "anno": "2024" }, "geometry": { "type": "Point", "coordinates": [ 9.173553219277848, 45.513970601705942 ] } },
{ "type": "Feature", "properties": { "id_amat": 337, "municipio": "9", "id_sottonil": "20", "id_nil": "80", "nome_nil": "AFFORI", "cerchia": "EXTRA-FILOVIARIA", "ambito_id": "42", "ambito_nome": "Intorni Di Stazioni Della Linea Metropolitana M3 Comasina", "attuazione": "3", "tipologia": "N", "titolare": "A2A Energy Solutions", "id_via": "1544", "nome_via": "VIA TACCIOLI GIUSEPPE", "localita": "VIA TACCIOLI GIUSEPPE 27", "numero_col": "1", "numero_pdr": "2", "infra": "AC Normal", "progetto": "PROGETTI PRIVATI NUOVA PROCEDURA (dopo 15.10.2018)", "note": "attiva", "ordinanza": "76/2024", "anno": "2024" }, "geometry": { "type": "Point", "coordinates": [ 9.166713326162329, 45.518368953774917 ] } },
{ "type": "Feature", "properties": { "id_amat": 338, "municipio": "9", "id_sottonil": "42", "id_nil": "83", "nome_nil": "BRUZZANO", "cerchia": "EXTRA-FILOVIARIA", "ambito_id": "42", "ambito_nome": "Intorni Di Stazioni Della Linea Metropolitana M3 Comasina", "attuazione": "3", "tipologia": "N", "titolare": "A2A Energy Solutions", "id_via": "1576", "nome_via": "PIAZZA FORTUNATO GIUSTINO", "localita": "PIAZZA FORTUNATO GIUSTINO 7", "numero_col": "1", "numero_pdr": "2", "infra": "AC Normal", "progetto": "PROGETTI PRIVATI NUOVA PROCEDURA (dopo 15.10.2018)", "note": "attiva", "ordinanza": "307/2023", "anno": "2023" }, "geometry": { "type": "Point", "coordinates": [ 9.174192092993554, 45.523751227439654 ] } },
{ "type": "Feature", "properties": { "id_amat": 339, "municipio": "9", "id_sottonil": "42", "id_nil": "83", "nome_nil": "BRUZZANO", "cerchia": "EXTRA-FILOVIARIA", "ambito_id": "42", "ambito_nome": "Intorni Di Stazioni Della Linea Metropolitana M3 Comasina", "attuazione": "3", "tipologia": "N", "titolare": "A2A Energy Solutions", "id_via": "1635", "nome_via": "VIA OROBONI ANTONIO", "localita": "VIA OROBONI ANTONIO 5", "numero_col": "1", "numero_pdr": "2", "infra": "AC Normal", "progetto": "PROGETTI PRIVATI NUOVA PROCEDURA (dopo 15.10.2018)", "note": "attiva", "ordinanza": "1279/2022", "anno": "2022" }, "geometry": { "type": "Point", "coordinates": [ 9.172440603932339, 45.528739224530398 ] } },
{ "type": "Feature", "properties": { "id_amat": 340, "municipio": "9", "id_sottonil": "31", "id_nil": "14", "nome_nil": "NIGUARDA - CA' GRANDA", "cerchia": "EXTRA-FILOVIARIA", "ambito_id": "43", "ambito_nome": "Zara - Testi", "attuazione": "3", "tipologia": "N", "titolare": "A2A Energy Solutions", "id_via": "1673", "nome_via": "VIA BELLONI ANGELO ", "localita": "VIA BELLONI ANGELO 3", "numero_col": "1", "numero_pdr": "2", "infra": "AC Normal", "progetto": "PROGETTI PRIVATI NUOVA PROCEDURA (dopo 15.10.2018)", "note": "attiva_revoca_308/2023", "ordinanza": "610/2023", "anno": "2023" }, "geometry": { "type": "Point", "coordinates": [ 9.209220875307993, 45.523476035625563 ] } },
{ "type": "Feature", "properties": { "id_amat": 351, "municipio": "3", "id_sottonil": "28", "id_nil": "22", "nome_nil": "CITTA' STUDI", "cerchia": "EXTRA-FILOVIARIA", "ambito_id": "31", "ambito_nome": "Argonne", "attuazione": "3", "tipologia": "N", "titolare": "A2A Energy Solutions", "id_via": "2426", "nome_via": "VIA JOMMELLI NICCOLO'", "localita": "VIA JOMMELLI NICCOLO' 21", "numero_col": "1", "numero_pdr": "2", "infra": "AC Normal", "progetto": "PROGETTI PRIVATI NUOVA PROCEDURA (dopo 15.10.2018)", "note": "attiva", "ordinanza": "244/2023", "anno": "2023" }, "geometry": { "type": "Point", "coordinates": [ 9.225412691991766, 45.48549032578542 ] } },
{ "type": "Feature", "properties": { "id_amat": 352, "municipio": "2", "id_sottonil": "21", "id_nil": "19", "nome_nil": "PADOVA", "cerchia": "EXTRA-FILOVIARIA", "ambito_id": null, "ambito_nome": null, "attuazione": "3", "tipologia": "N", "titolare": "A2A Energy Solutions", "id_via": "2525", "nome_via": "VIA GIULIETTI GIUSEPPE MARIA", "localita": "VIA GIULIETTI GIUSEPPE MARIA 15", "numero_col": "1", "numero_pdr": "2", "infra": "AC Normal", "progetto": "PROGETTI PRIVATI NUOVA PROCEDURA (dopo 15.10.2018)", "note": "attiva", "ordinanza": "942/2022", "anno": "2022" }, "geometry": { "type": "Point", "coordinates": [ 9.247350105871568, 45.507745873974592 ] } },
{ "type": "Feature", "properties": { "id_amat": 353, "municipio": "3", "id_sottonil": "40", "id_nil": "23", "nome_nil": "LAMBRATE", "cerchia": "EXTRA-FILOVIARIA", "ambito_id": null, "ambito_nome": null, "attuazione": "3", "tipologia": "N", "titolare": "A2A Energy Solutions", "id_via": "2674", "nome_via": "VIA PITTERI RICCARDO", "localita": "VIA PITTERI RICCARDO 89", "numero_col": "1", "numero_pdr": "2", "infra": "AC Normal", "progetto": "PROGETTI PRIVATI NUOVA PROCEDURA (dopo 15.10.2018)", "note": "attiva", "ordinanza": "656/2022", "anno": "2022" }, "geometry": { "type": "Point", "coordinates": [ 9.246165125177042, 45.478850927371717 ] } },
{ "type": "Feature", "properties": { "id_amat": 356, "municipio": "1", "id_sottonil": "33", "id_nil": "4", "nome_nil": "GUASTALLA", "cerchia": "BASTIONI", "ambito_id": "4", "ambito_nome": "Venezia", "attuazione": "3", "tipologia": "N", "titolare": "BeCharge", "id_via": "3039", "nome_via": "VIA MOZART", "localita": "VIA MOZART 18", "numero_col": "2", "numero_pdr": "4", "infra": "AC Normal", "progetto": "PROGETTI PRIVATI NUOVA PROCEDURA (dopo 15.10.2018)", "note": "attiva", "ordinanza": "720/2022", "anno": "2022" }, "geometry": { "type": "Point", "coordinates": [ 9.203721251580465, 45.469301293183371 ] } },
{ "type": "Feature", "properties": { "id_amat": 357, "municipio": "4", "id_sottonil": "84", "id_nil": "26", "nome_nil": "XXII MARZO", "cerchia": "FILOVIARIA", "ambito_id": "14", "ambito_nome": "Piave - Bixio", "attuazione": "3", "tipologia": "N", "titolare": "A2A Energy Solutions", "id_via": "3079", "nome_via": "VIA FIAMMA GALVANO", "localita": "VIA FIAMMA GALVANO 30", "numero_col": "1", "numero_pdr": "2", "infra": "AC Normal", "progetto": "PROGETTI PRIVATI NUOVA PROCEDURA (dopo 15.10.2018)", "note": "attiva", "ordinanza": "312/2023", "anno": "2023" }, "geometry": { "type": "Point", "coordinates": [ 9.211376044834935, 45.465903536048323 ] } },
{ "type": "Feature", "properties": { "id_amat": 360, "municipio": "4", "id_sottonil": "83", "id_nil": "26", "nome_nil": "XXII MARZO", "cerchia": "EXTRA-FILOVIARIA", "ambito_id": "15", "ambito_nome": "Novelli", "attuazione": "3", "tipologia": "N", "titolare": "A2A Energy Solutions", "id_via": "3143", "nome_via": "VIA REZZONICO FRANCESCO", "localita": "VIA REZZONICO FRANCESCO 6", "numero_col": "1", "numero_pdr": "2", "infra": "AC Normal", "progetto": "PROGETTI PRIVATI NUOVA PROCEDURA (dopo 15.10.2018)", "note": "attiva", "ordinanza": "650/2022", "anno": "2022" }, "geometry": { "type": "Point", "coordinates": [ 9.221216761936864, 45.461052382048294 ] } },
{ "type": "Feature", "properties": { "id_amat": 363, "municipio": "3", "id_sottonil": "86", "id_nil": "21", "nome_nil": "BUENOS AIRES - VENEZIA", "cerchia": "FILOVIARIA", "ambito_id": "14", "ambito_nome": "Piave - Bixio", "attuazione": "3", "tipologia": "N", "titolare": "A2A Energy Solutions", "id_via": "3184", "nome_via": "VIA MENOTTI CIRO", "localita": "VIA MENOTTI CIRO 35", "numero_col": "1", "numero_pdr": "2", "infra": "AC Normal", "progetto": "PROGETTI PRIVATI NUOVA PROCEDURA (dopo 15.10.2018)", "note": "attiva", "ordinanza": "241/2024", "anno": "2024" }, "geometry": { "type": "Point", "coordinates": [ 9.213204655138378, 45.472477439898043 ] } },
{ "type": "Feature", "properties": { "id_amat": 364, "municipio": "3", "id_sottonil": "86", "id_nil": "21", "nome_nil": "BUENOS AIRES - VENEZIA", "cerchia": "FILOVIARIA", "ambito_id": "14", "ambito_nome": "Piave - Bixio", "attuazione": "3", "tipologia": "N", "titolare": "A2A Energy Solutions", "id_via": "3184", "nome_via": "VIA MENOTTI CIRO", "localita": "VIA MENOTTI CIRO FRONTE CIVICO 8", "numero_col": "1", "numero_pdr": "2", "infra": "AC Normal", "progetto": "PROGETTI PRIVATI NUOVA PROCEDURA (dopo 15.10.2018)", "note": "attiva", "ordinanza": "237/2023", "anno": "2023" }, "geometry": { "type": "Point", "coordinates": [ 9.213269164024961, 45.469374685223052 ] } },
{ "type": "Feature", "properties": { "id_amat": 365, "municipio": "4", "id_sottonil": "84", "id_nil": "26", "nome_nil": "XXII MARZO", "cerchia": "FILOVIARIA", "ambito_id": "16", "ambito_nome": "Libia", "attuazione": "3", "tipologia": "N", "titolare": "A2A Energy Solutions", "id_via": "3191", "nome_via": "VIA MAFFEI ANDREA", "localita": "VIA MAFFEI ANDREA 4", "numero_col": "1", "numero_pdr": "2", "infra": "AC Normal", "progetto": "PROGETTI PRIVATI NUOVA PROCEDURA (dopo 15.10.2018)", "note": "attiva", "ordinanza": "694/2024", "anno": "2024" }, "geometry": { "type": "Point", "coordinates": [ 9.208689593143873, 45.458579568369217 ] } },
{ "type": "Feature", "properties": { "id_amat": 366, "municipio": "4", "id_sottonil": "84", "id_nil": "26", "nome_nil": "XXII MARZO", "cerchia": "FILOVIARIA", "ambito_id": "16", "ambito_nome": "Libia", "attuazione": "3", "tipologia": "N", "titolare": "A2A Energy Solutions", "id_via": "3199", "nome_via": "VIA FRIULI", "localita": "VIA FRIULI 51", "numero_col": "1", "numero_pdr": "2", "infra": "AC Normal", "progetto": "PROGETTI PRIVATI NUOVA PROCEDURA (dopo 15.10.2018)", "note": "attiva", "ordinanza": "114/2023", "anno": "2023" }, "geometry": { "type": "Point", "coordinates": [ 9.214098390932705, 45.455360604704651 ] } },
{ "type": "Feature", "properties": { "id_amat": 367, "municipio": "3", "id_sottonil": "40", "id_nil": "23", "nome_nil": "LAMBRATE", "cerchia": "EXTRA-FILOVIARIA", "ambito_id": "31", "ambito_nome": "Argonne", "attuazione": "3", "tipologia": "N", "titolare": "A2A Energy Solutions", "id_via": "3249", "nome_via": "VIA FRANCESCO VILLA", "localita": "VIA VILLA FRANCESCO 6", "numero_col": "1", "numero_pdr": "2", "infra": "AC Normal", "progetto": "PROGETTI PRIVATI NUOVA PROCEDURA (dopo 15.10.2018)", "note": "attiva", "ordinanza": "1226/2022", "anno": "2022" }, "geometry": { "type": "Point", "coordinates": [ 9.23838815940174, 45.470488700450971 ] } },
{ "type": "Feature", "properties": { "id_amat": 368, "municipio": "4", "id_sottonil": "27", "id_nil": "25", "nome_nil": "CORSICA", "cerchia": "EXTRA-FILOVIARIA", "ambito_id": "31", "ambito_nome": "Argonne", "attuazione": "3", "tipologia": "N", "titolare": "A2A Energy Solutions", "id_via": "3256", "nome_via": "VIA SISMONDI GIANCARLO", "localita": "VIA SISMONDI GIANCARLO 6", "numero_col": "1", "numero_pdr": "2", "infra": "AC Normal", "progetto": "PROGETTI PRIVATI NUOVA PROCEDURA (dopo 15.10.2018)", "note": "attiva", "ordinanza": "310/2023", "anno": "2023" }, "geometry": { "type": "Point", "coordinates": [ 9.224849215017949, 45.465513811319425 ] } },
{ "type": "Feature", "properties": { "id_amat": 369, "municipio": "4", "id_sottonil": "27", "id_nil": "25", "nome_nil": "CORSICA", "cerchia": "EXTRA-FILOVIARIA", "ambito_id": "31", "ambito_nome": "Argonne", "attuazione": "3", "tipologia": "F", "titolare": "A2A Energy Solutions", "id_via": "3268", "nome_via": "VIA GRASSELLI ANNIBALE", "localita": "VIA GRASSELLI ANNIBALE 19", "numero_col": "1", "numero_pdr": "2", "infra": "AC-DC Fast", "progetto": "PROGETTI PRIVATI NUOVA PROCEDURA (dopo 15.10.2018)", "note": "attiva", "ordinanza": "793/2023", "anno": "2023" }, "geometry": { "type": "Point", "coordinates": [ 9.227750312404678, 45.46187060758924 ] } },
{ "type": "Feature", "properties": { "id_amat": 370, "municipio": "4", "id_sottonil": "27", "id_nil": "25", "nome_nil": "CORSICA", "cerchia": "EXTRA-FILOVIARIA", "ambito_id": "31", "ambito_nome": "Argonne", "attuazione": "3", "tipologia": "N", "titolare": "BeCharge", "id_via": "3279", "nome_via": "VIA NEGROLI", "localita": "VIA NEGROLI 45", "numero_col": "2", "numero_pdr": "4", "infra": "AC Normal", "progetto": "PROGETTI PRIVATI NUOVA PROCEDURA (dopo 15.10.2018)", "note": "attiva", "ordinanza": "163/2023", "anno": "2023" }, "geometry": { "type": "Point", "coordinates": [ 9.232407560356101, 45.466620627825279 ] } },
{ "type": "Feature", "properties": { "id_amat": 371, "municipio": "4", "id_sottonil": "65", "id_nil": "30", "nome_nil": "MECENATE", "cerchia": "EXTRA-FILOVIARIA", "ambito_id": null, "ambito_nome": null, "attuazione": "3", "tipologia": "N", "titolare": "A2A Energy Solutions", "id_via": "3323", "nome_via": "VIA MECENATE", "localita": "VIA MECENATE 99", "numero_col": "1", "numero_pdr": "2", "infra": "AC Normal", "progetto": "PROGETTI PRIVATI NUOVA PROCEDURA (dopo 15.10.2018)", "note": "attiva", "ordinanza": "1525/2023", "anno": "2023" }, "geometry": { "type": "Point", "coordinates": [ 9.251155431997516, 45.450869969782524 ] } },
{ "type": "Feature", "properties": { "id_amat": 372, "municipio": "4", "id_sottonil": "30", "id_nil": "31", "nome_nil": "PARCO MONLUE' - PONTE LAMBRO", "cerchia": "EXTRA-FILOVIARIA", "ambito_id": null, "ambito_nome": null, "attuazione": "3", "tipologia": "F", "titolare": "A2A Energy Solutions", "id_via": "3344", "nome_via": "VIA PAREA CARLO", "localita": "VIA PAREA CARLO 13", "numero_col": "1", "numero_pdr": "2", "infra": "AC-DC Fast", "progetto": "PROGETTI PRIVATI NUOVA PROCEDURA (dopo 15.10.2018)", "note": "attiva", "ordinanza": "1302/2024", "anno": "2024" }, "geometry": { "type": "Point", "coordinates": [ 9.26327268060661, 45.443449410390699 ] } },
{ "type": "Feature", "properties": { "id_amat": 376, "municipio": "1", "id_sottonil": "90", "id_nil": "5", "nome_nil": "VIGENTINA", "cerchia": "BASTIONI", "ambito_id": "6", "ambito_nome": "Ticinese - Vigentina", "attuazione": "3", "tipologia": "F", "titolare": "A2A Energy Solutions", "id_via": "4015", "nome_via": "VIA LUSARDI ALDO", "localita": "VIA LUSARDI ALDO 6", "numero_col": "1", "numero_pdr": "2", "infra": "AC-DC Fast", "progetto": "PROGETTI PRIVATI NUOVA PROCEDURA (dopo 15.10.2018)", "note": "attiva", "ordinanza": "114/2024", "anno": "2024" }, "geometry": { "type": "Point", "coordinates": [ 9.188184745952137, 45.453825216765679 ] } },
{ "type": "Feature", "properties": { "id_amat": 385, "municipio": "6", "id_sottonil": "14", "id_nil": "49", "nome_nil": "GIAMBELLINO", "cerchia": "EXTRA-FILOVIARIA", "ambito_id": "36", "ambito_nome": "Bisceglie", "attuazione": "3", "tipologia": "N", "titolare": "A2A Energy Solutions", "id_via": "5132", "nome_via": "VIA LORENTEGGIO", "localita": "VIA LORENTEGGIO 209", "numero_col": "1", "numero_pdr": "2", "infra": "AC Normal", "progetto": "PROGETTI PRIVATI NUOVA PROCEDURA (dopo 15.10.2018)", "note": "attiva", "ordinanza": "525/2022", "anno": "2022" }, "geometry": { "type": "Point", "coordinates": [ 9.12499752994839, 45.446101781122863 ] } },
{ "type": "Feature", "properties": { "id_amat": 386, "municipio": "6", "id_sottonil": "59", "id_nil": "44", "nome_nil": "NAVIGLI", "cerchia": "FILOVIARIA", "ambito_id": "19", "ambito_nome": "Liguria - Romolo", "attuazione": "3", "tipologia": "N", "titolare": "A2A Energy Solutions", "id_via": "5155", "nome_via": "VIA SEGANTINI GIOVANNI", "localita": "VIA SEGANTINI GIOVANNI 6", "numero_col": "1", "numero_pdr": "2", "infra": "AC Normal", "progetto": "PROGETTI PRIVATI NUOVA PROCEDURA (dopo 15.10.2018)", "note": "attiva", "ordinanza": "767/2023", "anno": "2023" }, "geometry": { "type": "Point", "coordinates": [ 9.172979664936811, 45.449253418411466 ] } },
{ "type": "Feature", "properties": { "id_amat": 388, "municipio": "6", "id_sottonil": "59", "id_nil": "44", "nome_nil": "NAVIGLI", "cerchia": "FILOVIARIA", "ambito_id": "19", "ambito_nome": "Liguria - Romolo", "attuazione": "3", "tipologia": "N", "titolare": "BeCharge", "id_via": "5272", "nome_via": "VIA D'ADDA CARLO", "localita": "VIA D'ADDA CARLO 9", "numero_col": "1", "numero_pdr": "2", "infra": "AC Normal", "progetto": "PROGETTI PRIVATI NUOVA PROCEDURA (dopo 15.10.2018)", "note": "attiva", "ordinanza": "787/2022", "anno": "2022" }, "geometry": { "type": "Point", "coordinates": [ 9.160915397191944, 45.447402051755823 ] } },
{ "type": "Feature", "properties": { "id_amat": 389, "municipio": "6", "id_sottonil": "15", "id_nil": "45", "nome_nil": "S. CRISTOFORO", "cerchia": "EXTRA-FILOVIARIA", "ambito_id": null, "ambito_nome": null, "attuazione": "3", "tipologia": "N", "titolare": "BeCharge", "id_via": "5293", "nome_via": "VIA PONTI ANDREA", "localita": "VIA PONTI ANDREA 6", "numero_col": "2", "numero_pdr": "4", "infra": "AC Normal", "progetto": "PROGETTI PRIVATI NUOVA PROCEDURA (dopo 15.10.2018)", "note": "attiva", "ordinanza": "1021/2022", "anno": "2022" }, "geometry": { "type": "Point", "coordinates": [ 9.155939141844804, 45.447013505414489 ] } },
{ "type": "Feature", "properties": { "id_amat": 390, "municipio": "5", "id_sottonil": "32", "id_nil": "42", "nome_nil": "STADERA", "cerchia": "EXTRA-FILOVIARIA", "ambito_id": "25", "ambito_nome": "Abbiategrasso", "attuazione": "3", "tipologia": "N", "titolare": "BeCharge", "id_via": "5491", "nome_via": "VIA GABER GIORGIO", "localita": "VIA GABER GIORGIO 5", "numero_col": "3", "numero_pdr": "6", "infra": "AC Normal", "progetto": "PROGETTI PRIVATI NUOVA PROCEDURA (dopo 15.10.2018)", "note": "attiva", "ordinanza": "950/2023", "anno": "2023" }, "geometry": { "type": "Point", "coordinates": [ 9.173378550781129, 45.424211854170565 ] } },
{ "type": "Feature", "properties": { "id_amat": 391, "municipio": "1", "id_sottonil": "37", "id_nil": "7", "nome_nil": "MAGENTA - S. VITTORE", "cerchia": "BASTIONI", "ambito_id": "7", "ambito_nome": "Magenta - San Vittore", "attuazione": "3", "tipologia": "N", "titolare": "A2A Energy Solutions", "id_via": "6155", "nome_via": "VIA MONTI VINCENZO", "localita": "VIA MONTI VINCENZO 51", "numero_col": "1", "numero_pdr": "2", "infra": "AC Normal", "progetto": "PROGETTI PRIVATI NUOVA PROCEDURA (dopo 15.10.2018)", "note": "attiva", "ordinanza": "661/2022", "anno": "2022" }, "geometry": { "type": "Point", "coordinates": [ 9.168712735010356, 45.471175330471375 ] } },
{ "type": "Feature", "properties": { "id_amat": 392, "municipio": "1", "id_sottonil": "37", "id_nil": "7", "nome_nil": "MAGENTA - S. VITTORE", "cerchia": "BASTIONI", "ambito_id": "7", "ambito_nome": "Magenta - San Vittore", "attuazione": "3", "tipologia": "N", "titolare": "A2A Energy Solutions", "id_via": "6158", "nome_via": "VIA BOCCACCIO GIOVANNI", "localita": "VIA BOCCACCIO GIOVANNI 23", "numero_col": "1", "numero_pdr": "2", "infra": "AC Normal", "progetto": "PROGETTI PRIVATI NUOVA PROCEDURA (dopo 15.10.2018)", "note": "attiva", "ordinanza": "235/2023", "anno": "2023" }, "geometry": { "type": "Point", "coordinates": [ 9.171366794154796, 45.467597762153893 ] } },
{ "type": "Feature", "properties": { "id_amat": 393, "municipio": "1", "id_sottonil": "37", "id_nil": "7", "nome_nil": "MAGENTA - S. VITTORE", "cerchia": "BASTIONI", "ambito_id": "7", "ambito_nome": "Magenta - San Vittore", "attuazione": "3", "tipologia": "N", "titolare": "A2A Energy Solutions", "id_via": "6163", "nome_via": "VIA F.LLI RUFFINI ", "localita": "VIA F.LLI RUFFINI 3-5", "numero_col": "1", "numero_pdr": "2", "infra": "AC Normal", "progetto": "PROGETTI PRIVATI NUOVA PROCEDURA (dopo 15.10.2018)", "note": "attiva", "ordinanza": "1445/2023", "anno": "2023" }, "geometry": { "type": "Point", "coordinates": [ 9.169819138720118, 45.466552405028771 ] } },
{ "type": "Feature", "properties": { "id_amat": 394, "municipio": "1", "id_sottonil": "37", "id_nil": "7", "nome_nil": "MAGENTA - S. VITTORE", "cerchia": "BASTIONI", "ambito_id": "7", "ambito_nome": "Magenta - San Vittore", "attuazione": "3", "tipologia": "N", "titolare": "A2A Energy Solutions", "id_via": "6213", "nome_via": "VIALE DI PORTA VERCELLINA", "localita": "VIALE DI PORTA VERCELLINA 5", "numero_col": "1", "numero_pdr": "2", "infra": "AC Normal", "progetto": "PROGETTI PRIVATI NUOVA PROCEDURA (dopo 15.10.2018)", "note": "attiva", "ordinanza": "524/2022", "anno": "2022" }, "geometry": { "type": "Point", "coordinates": [ 9.16583732848583, 45.465232844340029 ] } },
{ "type": "Feature", "properties": { "id_amat": 395, "municipio": "7", "id_sottonil": "74", "id_nil": "51", "nome_nil": "WASHINGTON", "cerchia": "FILOVIARIA", "ambito_id": "2", "ambito_nome": "Fiera", "attuazione": "3", "tipologia": "N", "titolare": "A2A Energy Solutions", "id_via": "6276", "nome_via": "PIAZZA DE ANGELI ERNESTO", "localita": "PIAZZA DE ANGELI ERNESTO 7", "numero_col": "1", "numero_pdr": "2", "infra": "AC Normal", "progetto": "PROGETTI PRIVATI NUOVA PROCEDURA (dopo 15.10.2018)", "note": "attiva", "ordinanza": "563/2022", "anno": "2022" }, "geometry": { "type": "Point", "coordinates": [ 9.148806451148106, 45.46634314007499 ] } },
{ "type": "Feature", "properties": { "id_amat": 398, "municipio": "8", "id_sottonil": "81", "id_nil": "68", "nome_nil": "PAGANO", "cerchia": "FILOVIARIA", "ambito_id": "2", "ambito_nome": "Fiera", "attuazione": "3", "tipologia": "F", "titolare": "A2A Energy Solutions", "id_via": "6348", "nome_via": "VIA PANZINI ALFREDO", "localita": "VIA PANZINI ALFREDO 12", "numero_col": "1", "numero_pdr": "2", "infra": "AC-DC Fast", "progetto": "PROGETTI PRIVATI NUOVA PROCEDURA (dopo 15.10.2018)", "note": "attiva", "ordinanza": "1500/2024", "anno": "2024" }, "geometry": { "type": "Point", "coordinates": [ 9.16008059250294, 45.471465820022544 ] } },
{ "type": "Feature", "properties": { "id_amat": 399, "municipio": "8", "id_sottonil": "55", "id_nil": "59", "nome_nil": "TRE TORRI", "cerchia": "FILOVIARIA", "ambito_id": "2", "ambito_nome": "Fiera", "attuazione": "3", "tipologia": "N", "titolare": "A2A Energy Solutions", "id_via": "6373", "nome_via": "VIA SENOFONTE", "localita": "VIA SENOFONTE 7", "numero_col": "1", "numero_pdr": "2", "infra": "AC Normal", "progetto": "PROGETTI PRIVATI NUOVA PROCEDURA (dopo 15.10.2018)", "note": "attiva", "ordinanza": "2348/2021", "anno": "2021" }, "geometry": { "type": "Point", "coordinates": [ 9.157771672216496, 45.475250324275855 ] } },
{ "type": "Feature", "properties": { "id_amat": 400, "municipio": "7", "id_sottonil": "73", "id_nil": "58", "nome_nil": "DE ANGELI - MONTE ROSA", "cerchia": "FILOVIARIA", "ambito_id": "2", "ambito_nome": "Fiera", "attuazione": "3", "tipologia": "F", "titolare": "A2A Energy Solutions", "id_via": "6383", "nome_via": "VIA DOMENICHINO", "localita": "VIA DOMENICHINO 12", "numero_col": "1", "numero_pdr": "2", "infra": "AC-DC Fast", "progetto": "PROGETTI PRIVATI NUOVA PROCEDURA (dopo 15.10.2018)", "note": "attiva", "ordinanza": "434/2022", "anno": "2022" }, "geometry": { "type": "Point", "coordinates": [ 9.149759532421651, 45.473670186933788 ] } },
{ "type": "Feature", "properties": { "id_amat": 401, "municipio": "8", "id_sottonil": "73", "id_nil": "58", "nome_nil": "DE ANGELI - MONTE ROSA", "cerchia": "FILOVIARIA", "ambito_id": "2", "ambito_nome": "Fiera", "attuazione": "3", "tipologia": "N", "titolare": "A2A Energy Solutions", "id_via": "6397", "nome_via": "VIA SEBASTIANO DEL PIOMBO", "localita": "VIA SEBASTIANO DEL PIOMBO 23", "numero_col": "1", "numero_pdr": "2", "infra": "AC Normal", "progetto": "PROGETTI PRIVATI NUOVA PROCEDURA (dopo 15.10.2018)", "note": "attiva", "ordinanza": "518/2022", "anno": "2022" }, "geometry": { "type": "Point", "coordinates": [ 9.147653069831451, 45.478142632785854 ] } },
{ "type": "Feature", "properties": { "id_amat": 402, "municipio": "8", "id_sottonil": "73", "id_nil": "58", "nome_nil": "DE ANGELI - MONTE ROSA", "cerchia": "FILOVIARIA", "ambito_id": "2", "ambito_nome": "Fiera", "attuazione": "3", "tipologia": "N", "titolare": "A2A Energy Solutions", "id_via": "6422", "nome_via": "VIALE VIGLIANI PAOLO ONORATO", "localita": "VIALE VIGLIANI PAOLO ONORATO 57", "numero_col": "1", "numero_pdr": "2", "infra": "AC Normal", "progetto": "PROGETTI PRIVATI NUOVA PROCEDURA (dopo 15.10.2018)", "note": "attiva", "ordinanza": "746/2022", "anno": "2022" }, "geometry": { "type": "Point", "coordinates": [ 9.14534387286356, 45.480566602447567 ] } },
{ "type": "Feature", "properties": { "id_amat": 403, "municipio": "8", "id_sottonil": "73", "id_nil": "58", "nome_nil": "DE ANGELI - MONTE ROSA", "cerchia": "FILOVIARIA", "ambito_id": "2", "ambito_nome": "Fiera", "attuazione": "3", "tipologia": "N", "titolare": "A2A Energy Solutions", "id_via": "6425", "nome_via": "VIALE SCARAMPO LODOVICO", "localita": "VIALE SCARAMPO LODOVICO 41", "numero_col": "1", "numero_pdr": "2", "infra": "AC Normal", "progetto": "PROGETTI PRIVATI NUOVA PROCEDURA (dopo 15.10.2018)", "note": "attiva", "ordinanza": "10/2022", "anno": "2022" }, "geometry": { "type": "Point", "coordinates": [ 9.146522604651002, 45.484073401242071 ] } },
{ "type": "Feature", "properties": { "id_amat": 404, "municipio": "8", "id_sottonil": "4", "id_nil": "66", "nome_nil": "QT 8", "cerchia": "EXTRA-FILOVIARIA", "ambito_id": "34", "ambito_nome": "Molino Dorino", "attuazione": "3", "tipologia": "N", "titolare": "A2A Energy Solutions", "id_via": "6429", "nome_via": "VIA CREMOSANO MARCO", "localita": "VIA CREMOSANO MARCO 2", "numero_col": "1", "numero_pdr": "2", "infra": "AC Normal", "progetto": "PROGETTI PRIVATI NUOVA PROCEDURA (dopo 15.10.2018)", "note": "attiva", "ordinanza": "574/2022", "anno": "2022" }, "geometry": { "type": "Point", "coordinates": [ 9.140651253433504, 45.483028880140353 ] } },
{ "type": "Feature", "properties": { "id_amat": 405, "municipio": "8", "id_sottonil": "4", "id_nil": "66", "nome_nil": "QT 8", "cerchia": "EXTRA-FILOVIARIA", "ambito_id": "34", "ambito_nome": "Molino Dorino", "attuazione": "3", "tipologia": "N", "titolare": "A2A Energy Solutions", "id_via": "6459", "nome_via": "VIA COLLECCHIO", "localita": "VIA COLLECCHIO-Via Breguzzo", "numero_col": "1", "numero_pdr": "2", "infra": "AC Normal", "progetto": "PROGETTI PRIVATI NUOVA PROCEDURA (dopo 15.10.2018)", "note": "attiva", "ordinanza": "292/2022", "anno": "2022" }, "geometry": { "type": "Point", "coordinates": [ 9.138449922507419, 45.486091009598823 ] } },
{ "type": "Feature", "properties": { "id_amat": 407, "municipio": "7", "id_sottonil": "9", "id_nil": "60", "nome_nil": "S. SIRO", "cerchia": "EXTRA-FILOVIARIA", "ambito_id": "8", "ambito_nome": "San Siro", "attuazione": "3", "tipologia": "N", "titolare": "A2A Energy Solutions", "id_via": "6528", "nome_via": "VIA DEGLI OTTOBONI", "localita": "VIA DEGLI OTTOBONI 2", "numero_col": "1", "numero_pdr": "2", "infra": "AC Normal", "progetto": "PROGETTI PRIVATI NUOVA PROCEDURA (dopo 15.10.2018)", "note": "attiva", "ordinanza": "496/2023", "anno": "2023" }, "geometry": { "type": "Point", "coordinates": [ 9.137057281218057, 45.47661362445821 ] } },
{ "type": "Feature", "properties": { "id_amat": 411, "municipio": "7", "id_sottonil": "75", "id_nil": "52", "nome_nil": "BANDE NERE", "cerchia": "EXTRA-FILOVIARIA", "ambito_id": "36", "ambito_nome": "Bisceglie", "attuazione": "3", "tipologia": "F", "titolare": "BeCharge", "id_via": "6648", "nome_via": "VIA ORSINI VINCENZO GIORDANO", "localita": "VIA ORSINI VINCENZO GIORDANO 2", "numero_col": "1", "numero_pdr": "2", "infra": "AC-DC Fast", "progetto": "PROGETTI PRIVATI NUOVA PROCEDURA (dopo 15.10.2018)", "note": "attiva", "ordinanza": "990/2022", "anno": "2022" }, "geometry": { "type": "Point", "coordinates": [ 9.135662307327289, 45.4620240510136 ] } },
{ "type": "Feature", "properties": { "id_amat": 412, "municipio": "7", "id_sottonil": "76", "id_nil": "56", "nome_nil": "FORZE ARMATE", "cerchia": "EXTRA-FILOVIARIA", "ambito_id": "36", "ambito_nome": "Bisceglie", "attuazione": "3", "tipologia": "N", "titolare": "A2A Energy Solutions", "id_via": "6701", "nome_via": "VIA SELLA NUOVA", "localita": "VIA SELLA NUOVA 11", "numero_col": "1", "numero_pdr": "2", "infra": "AC Normal", "progetto": "PROGETTI PRIVATI NUOVA PROCEDURA (dopo 15.10.2018)", "note": "attiva", "ordinanza": "545/2022", "anno": "2022" }, "geometry": { "type": "Point", "coordinates": [ 9.109385395240894, 45.459982731686964 ] } },
{ "type": "Feature", "properties": { "id_amat": 413, "municipio": "8", "id_sottonil": "72", "id_nil": "69", "nome_nil": "SARPI", "cerchia": "FILOVIARIA", "ambito_id": "22", "ambito_nome": "Sarpi", "attuazione": "3", "tipologia": "N", "titolare": "A2A Energy Solutions", "id_via": "7079", "nome_via": "VIA LOMAZZO PAOLO", "localita": "VIA LOMAZZO PAOLO 14", "numero_col": "1", "numero_pdr": "2", "infra": "AC Normal", "progetto": "PROGETTI PRIVATI NUOVA PROCEDURA (dopo 15.10.2018)", "note": "attiva", "ordinanza": "639/2022", "anno": "2022" }, "geometry": { "type": "Point", "coordinates": [ 9.172525345428374, 45.481791574689382 ] } },
{ "type": "Feature", "properties": { "id_amat": 414, "municipio": "1", "id_sottonil": "72", "id_nil": "69", "nome_nil": "SARPI", "cerchia": "FILOVIARIA", "ambito_id": "22", "ambito_nome": "Sarpi", "attuazione": "3", "tipologia": "N", "titolare": "A2A Energy Solutions", "id_via": "7129", "nome_via": "VIA NICCOLINI GIOVANNI BATTISTA", "localita": "VIA NICCOLINI GIOVANNI BATTISTA 23", "numero_col": "1", "numero_pdr": "2", "infra": "AC Normal", "progetto": "PROGETTI PRIVATI NUOVA PROCEDURA (dopo 15.10.2018)", "note": "attiva", "ordinanza": "688/2022", "anno": "2022" }, "geometry": { "type": "Point", "coordinates": [ 9.177278507938038, 45.480977493891437 ] } },
{ "type": "Feature", "properties": { "id_amat": 415, "municipio": "8", "id_sottonil": "81", "id_nil": "68", "nome_nil": "PAGANO", "cerchia": "FILOVIARIA", "ambito_id": "2", "ambito_nome": "Fiera", "attuazione": "3", "tipologia": "F", "titolare": "BeCharge", "id_via": "7137", "nome_via": "CORSO SEMPIONE", "localita": "CORSO SEMPIONE 23", "numero_col": "1", "numero_pdr": "2", "infra": "AC-DC Fast", "progetto": "PROGETTI PRIVATI NUOVA PROCEDURA (dopo 15.10.2018)", "note": "attiva", "ordinanza": "907/2022", "anno": "2022" }, "geometry": { "type": "Point", "coordinates": [ 9.167652931005655, 45.47888464285807 ] } },
{ "type": "Feature", "properties": { "id_amat": 416, "municipio": "8", "id_sottonil": "54", "id_nil": "67", "nome_nil": "PORTELLO", "cerchia": "FILOVIARIA", "ambito_id": "2", "ambito_nome": "Fiera", "attuazione": "3", "tipologia": "N", "titolare": "A2A Energy Solutions", "id_via": "7152", "nome_via": "VIA DOMODOSSOLA", "localita": "VIA DOMODOSSOLA 14", "numero_col": "1", "numero_pdr": "2", "infra": "AC Normal", "progetto": "PROGETTI PRIVATI NUOVA PROCEDURA (dopo 15.10.2018)", "note": "attiva", "ordinanza": "582/2022", "anno": "2022" }, "geometry": { "type": "Point", "coordinates": [ 9.160382664804297, 45.480603138852253 ] } },
{ "type": "Feature", "properties": { "id_amat": 417, "municipio": "8", "id_sottonil": "54", "id_nil": "67", "nome_nil": "PORTELLO", "cerchia": "FILOVIARIA", "ambito_id": "2", "ambito_nome": "Fiera", "attuazione": "3", "tipologia": "F", "titolare": "A2A Energy Solutions", "id_via": "7159", "nome_via": "PIAZZALE TURR STEFANO", "localita": "PIAZZALE TURR STEFANO 4", "numero_col": "1", "numero_pdr": "2", "infra": "AC-DC Fast", "progetto": "PROGETTI PRIVATI NUOVA PROCEDURA (dopo 15.10.2018)", "note": "attiva", "ordinanza": "431/2022", "anno": "2022" }, "geometry": { "type": "Point", "coordinates": [ 9.152895139584253, 45.484327232249449 ] } },
{ "type": "Feature", "properties": { "id_amat": 418, "municipio": "8", "id_sottonil": "48", "id_nil": "71", "nome_nil": "VILLAPIZZONE", "cerchia": "EXTRA-FILOVIARIA", "ambito_id": "40", "ambito_nome": "Ferroviaria Nord-Ovest", "attuazione": "3", "tipologia": "N", "titolare": "A2A Energy Solutions", "id_via": "7174", "nome_via": "VIALE CERTOSA", "localita": "VIALE CERTOSA 130", "numero_col": "1", "numero_pdr": "2", "infra": "AC Normal", "progetto": "PROGETTI PRIVATI NUOVA PROCEDURA (dopo 15.10.2018)", "note": "attiva", "ordinanza": "562/2022", "anno": "2022" }, "geometry": { "type": "Point", "coordinates": [ 9.139840273963129, 45.495565880259669 ] } },
{ "type": "Feature", "properties": { "id_amat": 420, "municipio": "8", "id_sottonil": "10", "id_nil": "70", "nome_nil": "GHISOLFA", "cerchia": "FILOVIARIA", "ambito_id": "23", "ambito_nome": "Sempione - Cenisio", "attuazione": "3", "tipologia": "F", "titolare": "A2A Energy Solutions", "id_via": "7177", "nome_via": "VIA PLANA GIOVANNI ANTONIO", "localita": "VIA PLANA GIOVANNI ANTONIO 7", "numero_col": "1", "numero_pdr": "2", "infra": "AC-DC Fast", "progetto": "PROGETTI PRIVATI NUOVA PROCEDURA (dopo 15.10.2018)", "note": "attiva", "ordinanza": "1244/2024", "anno": "2024" }, "geometry": { "type": "Point", "coordinates": [ 9.154858152010332, 45.488966664252814 ] } },
{ "type": "Feature", "properties": { "id_amat": 421, "municipio": "8", "id_sottonil": "10", "id_nil": "70", "nome_nil": "GHISOLFA", "cerchia": "FILOVIARIA", "ambito_id": "23", "ambito_nome": "Sempione - Cenisio", "attuazione": "3", "tipologia": "N", "titolare": "A2A Energy Solutions", "id_via": "7211", "nome_via": "VIA MESSINA", "localita": "VIA MESSINA FRONTE CIVICO 61", "numero_col": "1", "numero_pdr": "2", "infra": "AC Normal", "progetto": "PROGETTI PRIVATI NUOVA PROCEDURA (dopo 15.10.2018)", "note": "attiva", "ordinanza": "309/2023", "anno": "2023" }, "geometry": { "type": "Point", "coordinates": [ 9.170263838031362, 45.489525636948819 ] } },
{ "type": "Feature", "properties": { "id_amat": 422, "municipio": "8", "id_sottonil": "72", "id_nil": "69", "nome_nil": "SARPI", "cerchia": "FILOVIARIA", "ambito_id": "22", "ambito_nome": "Sarpi", "attuazione": "3", "tipologia": "N", "titolare": "A2A Energy Solutions", "id_via": "7211", "nome_via": "VIA MESSINA", "localita": "VIA MESSINA 9", "numero_col": "1", "numero_pdr": "2", "infra": "AC Normal", "progetto": "PROGETTI PRIVATI NUOVA PROCEDURA (dopo 15.10.2018)", "note": "attiva", "ordinanza": "964/2023", "anno": "2023" }, "geometry": { "type": "Point", "coordinates": [ 9.17545890640044, 45.48253058746382 ] } },
{ "type": "Feature", "properties": { "id_amat": 423, "municipio": "8", "id_sottonil": "10", "id_nil": "70", "nome_nil": "GHISOLFA", "cerchia": "FILOVIARIA", "ambito_id": "23", "ambito_nome": "Sempione - Cenisio", "attuazione": "3", "tipologia": "F", "titolare": "A2A Energy Solutions", "id_via": "7221", "nome_via": "VIA MAC MAHON", "localita": "VIA MAC MAHON 43", "numero_col": "1", "numero_pdr": "2", "infra": "AC-DC Fast", "progetto": "PROGETTI PRIVATI NUOVA PROCEDURA (dopo 15.10.2018)", "note": "attiva", "ordinanza": "792/2023", "anno": "2023" }, "geometry": { "type": "Point", "coordinates": [ 9.162117047733274, 45.490588738820506 ] } },
{ "type": "Feature", "properties": { "id_amat": 425, "municipio": "8", "id_sottonil": "10", "id_nil": "70", "nome_nil": "GHISOLFA", "cerchia": "FILOVIARIA", "ambito_id": "23", "ambito_nome": "Sempione - Cenisio", "attuazione": "3", "tipologia": "N", "titolare": "A2A Energy Solutions", "id_via": "7255", "nome_via": "VIA VALCAVA", "localita": "VIA VALCAVA 6", "numero_col": "1", "numero_pdr": "2", "infra": "AC Normal", "progetto": "PROGETTI PRIVATI NUOVA PROCEDURA (dopo 15.10.2018)", "note": "attiva", "ordinanza": "659/2022", "anno": "2022" }, "geometry": { "type": "Point", "coordinates": [ 9.156505442922638, 45.492352752477295 ] } },
{ "type": "Feature", "properties": { "id_amat": 428, "municipio": "8", "id_sottonil": "19", "id_nil": "76", "nome_nil": "QUARTO OGGIARO", "cerchia": "EXTRA-FILOVIARIA", "ambito_id": "40", "ambito_nome": "Ferroviaria Nord-Ovest", "attuazione": "3", "tipologia": "N", "titolare": "A2A Energy Solutions", "id_via": "7470", "nome_via": "VIA CARBONIA", "localita": "VIA CARBONIA-Via Arsia", "numero_col": "1", "numero_pdr": "2", "infra": "AC Normal", "progetto": "PROGETTI PRIVATI NUOVA PROCEDURA (dopo 15.10.2018)", "note": "attiva_revoca_959/2023", "ordinanza": "1367/2023", "anno": "2023" }, "geometry": { "type": "Point", "coordinates": [ 9.128753559510576, 45.51527902421175 ] } },
{ "type": "Feature", "properties": { "id_amat": 429, "municipio": "8", "id_sottonil": "8", "id_nil": "65", "nome_nil": "GALLARATESE", "cerchia": "EXTRA-FILOVIARIA", "ambito_id": "34", "ambito_nome": "Molino Dorino", "attuazione": "3", "tipologia": "N", "titolare": "A2A Energy Solutions", "id_via": "7495", "nome_via": "VIA URUGUAY", "localita": "VIA URUGUAY 6", "numero_col": "1", "numero_pdr": "2", "infra": "AC Normal", "progetto": "PROGETTI PRIVATI NUOVA PROCEDURA (dopo 15.10.2018)", "note": "attiva", "ordinanza": "981/2023", "anno": "2023" }, "geometry": { "type": "Point", "coordinates": [ 9.123973437546638, 45.495056625334591 ] } },
{ "type": "Feature", "properties": { "id_amat": 430, "municipio": "9", "id_sottonil": "50", "id_nil": "79", "nome_nil": "DERGANO", "cerchia": "EXTRA-FILOVIARIA", "ambito_id": "42", "ambito_nome": "Intorni Di Stazioni Della Linea Metropolitana M3 Comasina", "attuazione": "3", "tipologia": "N", "titolare": "A2A Energy Solutions", "id_via": "1311", "nome_via": "VIA IMBONATI CARLO", "localita": "VIA IMBONATI CARLO 20", "numero_col": "1", "numero_pdr": "2", "infra": "AC Normal", "progetto": "PROGETTI PRIVATI NUOVA PROCEDURA (dopo 15.10.2018)", "note": "attiva", "ordinanza": "389/2023", "anno": "2023" }, "geometry": { "type": "Point", "coordinates": [ 9.182843309310456, 45.500893449493056 ] } },
{ "type": "Feature", "properties": { "id_amat": 431, "municipio": "8", "id_sottonil": "19", "id_nil": "76", "nome_nil": "QUARTO OGGIARO", "cerchia": "EXTRA-FILOVIARIA", "ambito_id": "40", "ambito_nome": "Ferroviaria Nord-Ovest", "attuazione": "3", "tipologia": "N", "titolare": "A2A Energy Solutions", "id_via": "7367", "nome_via": "VIA TRILUSSA", "localita": "VIA TRILUSSA 25", "numero_col": "1", "numero_pdr": "2", "infra": "AC Normal", "progetto": "PROGETTI PRIVATI NUOVA PROCEDURA (dopo 15.10.2018)", "note": "attiva", "ordinanza": "1440/2023", "anno": "2023" }, "geometry": { "type": "Point", "coordinates": [ 9.142886045090046, 45.515276807213148 ] } },
{ "type": "Feature", "properties": { "id_amat": 432, "municipio": "4", "id_sottonil": "5", "id_nil": "29", "nome_nil": "ORTOMERCATO", "cerchia": "EXTRA-FILOVIARIA", "ambito_id": "31", "ambito_nome": "Argonne", "attuazione": "3", "tipologia": "N", "titolare": "A2A Energy Solutions", "id_via": "3340", "nome_via": "VIA ABETONE", "localita": "VIA ABETONE 2", "numero_col": "1", "numero_pdr": "2", "infra": "AC Normal", "progetto": "PROGETTI PRIVATI NUOVA PROCEDURA (dopo 15.10.2018)", "note": "attiva", "ordinanza": "689/2022", "anno": "2022" }, "geometry": { "type": "Point", "coordinates": [ 9.224740272732273, 45.454637461409789 ] } },
{ "type": "Feature", "properties": { "id_amat": 435, "municipio": "9", "id_sottonil": "42", "id_nil": "83", "nome_nil": "BRUZZANO", "cerchia": "EXTRA-FILOVIARIA", "ambito_id": "42", "ambito_nome": "Intorni Di Stazioni Della Linea Metropolitana M3 Comasina", "attuazione": "3", "tipologia": "N", "titolare": "A2A Energy Solutions", "id_via": "1708", "nome_via": "VIA SENIGALLIA", "localita": "VIA SENIGALLIA 60", "numero_col": "1", "numero_pdr": "2", "infra": "AC Normal", "progetto": "PROGETTI PRIVATI NUOVA PROCEDURA (dopo 15.10.2018)", "note": "attiva", "ordinanza": "1281/2022", "anno": "2022" }, "geometry": { "type": "Point", "coordinates": [ 9.166868676756787, 45.529299580146841 ] } },
{ "type": "Feature", "properties": { "id_amat": 436, "municipio": "9", "id_sottonil": "10", "id_nil": "70", "nome_nil": "GHISOLFA", "cerchia": "FILOVIARIA", "ambito_id": "23", "ambito_nome": "Sempione - Cenisio", "attuazione": "3", "tipologia": "F", "titolare": "A2A Energy Solutions", "id_via": "7223", "nome_via": "VIA PRINCIPE EUGENIO", "localita": "VIA PRINCIPE EUGENIO 61", "numero_col": "1", "numero_pdr": "2", "infra": "AC-DC Fast", "progetto": "PROGETTI PRIVATI NUOVA PROCEDURA (dopo 15.10.2018)", "note": "attiva", "ordinanza": "313/2023", "anno": "2023" }, "geometry": { "type": "Point", "coordinates": [ 9.165468676012368, 45.494661390097917 ] } },
{ "type": "Feature", "properties": { "id_amat": 438, "municipio": "9", "id_sottonil": "52", "id_nil": "15", "nome_nil": "BICOCCA", "cerchia": "EXTRA-FILOVIARIA", "ambito_id": "43", "ambito_nome": "Zara - Testi", "attuazione": "3", "tipologia": "N", "titolare": "A2A Energy Solutions", "id_via": "1728", "nome_via": "VIA BICOCCA DEGLI ARCIMBOLDI", "localita": "VIA BICOCCA DEGLI ARCIMBOLDI 3", "numero_col": "1", "numero_pdr": "2", "infra": "AC Normal", "progetto": "PROGETTI PRIVATI NUOVA PROCEDURA (dopo 15.10.2018)", "note": "attiva", "ordinanza": "414/2023", "anno": "2023" }, "geometry": { "type": "Point", "coordinates": [ 9.2122839976146, 45.517795152546739 ] } },
{ "type": "Feature", "properties": { "id_amat": 439, "municipio": "7", "id_sottonil": "76", "id_nil": "56", "nome_nil": "FORZE ARMATE", "cerchia": "EXTRA-FILOVIARIA", "ambito_id": "8", "ambito_nome": "San Siro", "attuazione": "3", "tipologia": "N", "titolare": "A2A Energy Solutions", "id_via": "6306", "nome_via": "VIA FRATELLI ZOIA", "localita": "VIA FRATELLI ZOIA-PIAZZALE della Cooperazione", "numero_col": "1", "numero_pdr": "2", "infra": "AC Normal", "progetto": "PROGETTI PRIVATI NUOVA PROCEDURA (dopo 15.10.2018)", "note": "attiva_revoca_571/2022", "ordinanza": "131/2024", "anno": "2022" }, "geometry": { "type": "Point", "coordinates": [ 9.109966096083657, 45.468986800067697 ] } },
{ "type": "Feature", "properties": { "id_amat": 440, "municipio": "8", "id_sottonil": "72", "id_nil": "69", "nome_nil": "SARPI", "cerchia": "FILOVIARIA", "ambito_id": "23", "ambito_nome": "Sempione - Cenisio", "attuazione": "3", "tipologia": "N", "titolare": "A2A Energy Solutions", "id_via": "7195", "nome_via": "VIA CASTELVETRO LODOVICO", "localita": "VIA CASTELVETRO LODOVICO 21", "numero_col": "1", "numero_pdr": "2", "infra": "AC Normal", "progetto": "PROGETTI PRIVATI NUOVA PROCEDURA (dopo 15.10.2018)", "note": "attiva", "ordinanza": "577/2022", "anno": "2022" }, "geometry": { "type": "Point", "coordinates": [ 9.165719129452746, 45.485680781295997 ] } },
{ "type": "Feature", "properties": { "id_amat": 443, "municipio": "9", "id_sottonil": "50", "id_nil": "79", "nome_nil": "DERGANO", "cerchia": "EXTRA-FILOVIARIA", "ambito_id": "42", "ambito_nome": "Intorni Di Stazioni Della Linea Metropolitana M3 Comasina", "attuazione": "3", "tipologia": "N", "titolare": "A2A Energy Solutions", "id_via": "1230", "nome_via": "VIALE JENNER EDOARDO", "localita": "VIALE JENNER EDOARDO 20", "numero_col": "1", "numero_pdr": "2", "infra": "AC Normal", "progetto": "PROGETTI PRIVATI NUOVA PROCEDURA (dopo 15.10.2018)", "note": "attiva", "ordinanza": "2351/2021", "anno": "2021" }, "geometry": { "type": "Point", "coordinates": [ 9.181447478883472, 45.497350638490431 ] } },
{ "type": "Feature", "properties": { "id_amat": 444, "municipio": "9", "id_sottonil": "31", "id_nil": "14", "nome_nil": "NIGUARDA - CA' GRANDA", "cerchia": "EXTRA-FILOVIARIA", "ambito_id": "43", "ambito_nome": "Zara - Testi", "attuazione": "3", "tipologia": "N", "titolare": "BeCharge", "id_via": "1441", "nome_via": "VIALE TESTI FULVIO", "localita": "VIALE TESTI FULVIO 121", "numero_col": "1", "numero_pdr": "2", "infra": "AC Normal", "progetto": "PROGETTI PRIVATI NUOVA PROCEDURA (dopo 15.10.2018)", "note": "attiva", "ordinanza": "949/2022", "anno": "2022" }, "geometry": { "type": "Point", "coordinates": [ 9.204736784378323, 45.514269411434526 ] } },
{ "type": "Feature", "properties": { "id_amat": 446, "municipio": "1", "id_sottonil": "35", "id_nil": "1", "nome_nil": "DUOMO", "cerchia": "BASTIONI", "ambito_id": "1", "ambito_nome": "Centro storico", "attuazione": "3", "tipologia": "N", "titolare": "Credit Agricole", "id_via": "519", "nome_via": "VIA ARMORARI", "localita": "VIA ARMORARI 4", "numero_col": "1", "numero_pdr": "2", "infra": "AC Normal", "progetto": "PROGETTI PRIVATI NUOVA PROCEDURA (dopo 15.10.2018)", "note": "attiva_revoca_1670/2021", "ordinanza": "303/2022", "anno": "2021" }, "geometry": { "type": "Point", "coordinates": [ 9.186007641138596, 45.464341921618391 ] } },
{ "type": "Feature", "properties": { "id_amat": 447, "municipio": "8", "id_sottonil": "72", "id_nil": "69", "nome_nil": "SARPI", "cerchia": "FILOVIARIA", "ambito_id": "9", "ambito_nome": "Centro Direzionale", "attuazione": "3", "tipologia": "N", "titolare": "Repower", "id_via": "7234", "nome_via": "VIA CERESIO", "localita": "VIA CERESIO 3-7", "numero_col": "1", "numero_pdr": "2", "infra": "AC Normal", "progetto": "PROGETTI PRIVATI NUOVA PROCEDURA (dopo 15.10.2018)", "note": "attiva", "ordinanza": "263/2022", "anno": "2022" }, "geometry": { "type": "Point", "coordinates": [ 9.180679527383754, 45.483308205865399 ] } },
{ "type": "Feature", "properties": { "id_amat": 451, "municipio": "2", "id_sottonil": "21", "id_nil": "19", "nome_nil": "PADOVA", "cerchia": "EXTRA-FILOVIARIA", "ambito_id": null, "ambito_nome": null, "attuazione": "3", "tipologia": "N", "titolare": "ENEL X Mobility", "id_via": "2336", "nome_via": "PIAZZA SESIA DAVIDE", "localita": "PIAZZA SESIA DAVIDE 2", "numero_col": "1", "numero_pdr": "2", "infra": "AC Normal", "progetto": "PROGETTI PRIVATI NUOVA PROCEDURA (dopo 15.10.2018)", "note": "attiva", "ordinanza": "321/2023", "anno": "2023" }, "geometry": { "type": "Point", "coordinates": [ 9.229565043999415, 45.498356393562588 ] } },
{ "type": "Feature", "properties": { "id_amat": 453, "municipio": "3", "id_sottonil": "40", "id_nil": "23", "nome_nil": "LAMBRATE", "cerchia": "EXTRA-FILOVIARIA", "ambito_id": null, "ambito_nome": null, "attuazione": "3", "tipologia": "F", "titolare": "ENEL X Mobility", "id_via": "2654", "nome_via": "PIAZZA MONTE TITANO", "localita": "PIAZZA MONTE TITANO-Parcheggio pubblico con accesso da via Predil", "numero_col": "1", "numero_pdr": "2", "infra": "AC-DC Fast", "progetto": "PROGETTI PRIVATI NUOVA PROCEDURA (dopo 15.10.2018)", "note": "attiva", "ordinanza": "1020/2022", "anno": "2022" }, "geometry": { "type": "Point", "coordinates": [ 9.237916210141609, 45.485816787958434 ] } },
{ "type": "Feature", "properties": { "id_amat": 455, "municipio": "4", "id_sottonil": "39", "id_nil": "35", "nome_nil": "LODI - CORVETTO", "cerchia": "EXTRA-FILOVIARIA", "ambito_id": "35", "ambito_nome": "San Donato", "attuazione": "3", "tipologia": "F", "titolare": "ENEL X Mobility", "id_via": "4171", "nome_via": "VIALE BACCHIGLIONE", "localita": "VIALE BACCHIGLIONE-VIA Scheiwiller Giovanni ", "numero_col": "1", "numero_pdr": "2", "infra": "AC-DC Fast", "progetto": "PROGETTI PRIVATI NUOVA PROCEDURA (dopo 15.10.2018)", "note": "attiva", "ordinanza": "1082/2024", "anno": "2024" }, "geometry": { "type": "Point", "coordinates": [ 9.223372344140955, 45.444207101983892 ] } },
{ "type": "Feature", "properties": { "id_amat": 456, "municipio": "4", "id_sottonil": "27", "id_nil": "25", "nome_nil": "CORSICA", "cerchia": "EXTRA-FILOVIARIA", "ambito_id": "31", "ambito_nome": "Argonne", "attuazione": "3", "tipologia": "N", "titolare": "ENEL X Mobility", "id_via": "3268", "nome_via": "VIA GRASSELLI ANNIBALE", "localita": "VIA GRASSELLI ANNIBALE-VIALE Corsica", "numero_col": "1", "numero_pdr": "2", "infra": "AC Normal", "progetto": "PROGETTI PRIVATI NUOVA PROCEDURA (dopo 15.10.2018)", "note": "attiva", "ordinanza": "1109/2022", "anno": "2022" }, "geometry": { "type": "Point", "coordinates": [ 9.227748706198819, 45.461958873378968 ] } },
{ "type": "Feature", "properties": { "id_amat": 457, "municipio": "4", "id_sottonil": "5", "id_nil": "29", "nome_nil": "ORTOMERCATO", "cerchia": "EXTRA-FILOVIARIA", "ambito_id": "31", "ambito_nome": "Argonne", "attuazione": "3", "tipologia": "N", "titolare": "ENEL X Mobility", "id_via": "3338", "nome_via": "VIA MONTE VELINO", "localita": "VIA MONTE VELINO 17", "numero_col": "1", "numero_pdr": "2", "infra": "AC Normal", "progetto": "PROGETTI PRIVATI NUOVA PROCEDURA (dopo 15.10.2018)", "note": "attiva", "ordinanza": "677/2022", "anno": "2022" }, "geometry": { "type": "Point", "coordinates": [ 9.226688109557095, 45.453051005509572 ] } },
{ "type": "Feature", "properties": { "id_amat": 458, "municipio": "4", "id_sottonil": "83", "id_nil": "26", "nome_nil": "XXII MARZO", "cerchia": "EXTRA-FILOVIARIA", "ambito_id": "15", "ambito_nome": "Novelli", "attuazione": "3", "tipologia": "N", "titolare": "ENEL X Mobility", "id_via": "3145", "nome_via": "VIALE UMBRIA", "localita": "VIALE UMBRIA 120", "numero_col": "1", "numero_pdr": "2", "infra": "AC Normal", "progetto": "PROGETTI PRIVATI NUOVA PROCEDURA (dopo 15.10.2018)", "note": "attiva", "ordinanza": "645/2022", "anno": "2022" }, "geometry": { "type": "Point", "coordinates": [ 9.217625943538062, 45.461080258105547 ] } },
{ "type": "Feature", "properties": { "id_amat": 462, "municipio": "7", "id_sottonil": "76", "id_nil": "56", "nome_nil": "FORZE ARMATE", "cerchia": "EXTRA-FILOVIARIA", "ambito_id": "8", "ambito_nome": "San Siro", "attuazione": "3", "tipologia": "N", "titolare": "ENEL X Mobility", "id_via": "6832", "nome_via": "VIA PIO II", "localita": "VIA PIO II 3-Parcheggio esterno dell'Ospedale San Carlo Borromeo", "numero_col": "1", "numero_pdr": "2", "infra": "AC Normal", "progetto": "PROGETTI PRIVATI NUOVA PROCEDURA (dopo 15.10.2018)", "note": "attiva", "ordinanza": "924/2022", "anno": "2022" }, "geometry": { "type": "Point", "coordinates": [ 9.112786880327818, 45.469975599682066 ] } },
{ "type": "Feature", "properties": { "id_amat": 464, "municipio": "7", "id_sottonil": "11", "id_nil": "55", "nome_nil": "BAGGIO", "cerchia": "EXTRA-FILOVIARIA", "ambito_id": null, "ambito_nome": null, "attuazione": "3", "tipologia": "N", "titolare": "ENEL X Mobility", "id_via": "6643", "nome_via": "VIA DELLE FORZE ARMATE", "localita": "VIA DELLE FORZE ARMATE 367", "numero_col": "1", "numero_pdr": "2", "infra": "AC Normal", "progetto": "PROGETTI PRIVATI NUOVA PROCEDURA (dopo 15.10.2018)", "note": "attiva", "ordinanza": "298/2023", "anno": "2023" }, "geometry": { "type": "Point", "coordinates": [ 9.093636240338203, 45.460702701913625 ] } },
{ "type": "Feature", "properties": { "id_amat": 465, "municipio": "7", "id_sottonil": "9", "id_nil": "60", "nome_nil": "S. SIRO", "cerchia": "EXTRA-FILOVIARIA", "ambito_id": "8", "ambito_nome": "San Siro", "attuazione": "3", "tipologia": "N", "titolare": "ENEL X Mobility", "id_via": "6519", "nome_via": "VIA DEGLI ALDOBRANDINI", "localita": "VIA DEGLI ALDOBRANDINI-VIA dei Loredan", "numero_col": "1", "numero_pdr": "2", "infra": "AC Normal", "progetto": "PROGETTI PRIVATI NUOVA PROCEDURA (dopo 15.10.2018)", "note": "attiva", "ordinanza": "642/2022", "anno": "2022" }, "geometry": { "type": "Point", "coordinates": [ 9.129228539300726, 45.476495454492913 ] } },
{ "type": "Feature", "properties": { "id_amat": 466, "municipio": "8", "id_sottonil": "54", "id_nil": "67", "nome_nil": "PORTELLO", "cerchia": "FILOVIARIA", "ambito_id": "2", "ambito_nome": "Fiera", "attuazione": "3", "tipologia": "N", "titolare": "ENEL X Mobility", "id_via": "7159", "nome_via": "PIAZZALE TURR STEFANO", "localita": "PIAZZALE TURR STEFANO 2-VIA Faravelli Luigi Giuseppe", "numero_col": "1", "numero_pdr": "2", "infra": "AC Normal", "progetto": "PROGETTI PRIVATI NUOVA PROCEDURA (dopo 15.10.2018)", "note": "attiva", "ordinanza": "1004/2022", "anno": "2022" }, "geometry": { "type": "Point", "coordinates": [ 9.152679106114775, 45.483710877888122 ] } },
{ "type": "Feature", "properties": { "id_amat": 467, "municipio": "8", "id_sottonil": "72", "id_nil": "69", "nome_nil": "SARPI", "cerchia": "FILOVIARIA", "ambito_id": "23", "ambito_nome": "Sempione - Cenisio", "attuazione": "3", "tipologia": "N", "titolare": "ENEL X Mobility", "id_via": "7200", "nome_via": "VIA MARUSSIG PIETRO", "localita": "VIA MARUSSIG PIETRO 2", "numero_col": "1", "numero_pdr": "2", "infra": "AC Normal", "progetto": "PROGETTI PRIVATI NUOVA PROCEDURA (dopo 15.10.2018)", "note": "attiva", "ordinanza": "1249/2022", "anno": "2022" }, "geometry": { "type": "Point", "coordinates": [ 9.16648057248363, 45.486276418768071 ] } },
{ "type": "Feature", "properties": { "id_amat": 470, "municipio": "9", "id_sottonil": "31", "id_nil": "14", "nome_nil": "NIGUARDA - CA' GRANDA", "cerchia": "EXTRA-FILOVIARIA", "ambito_id": "43", "ambito_nome": "Zara - Testi", "attuazione": "3", "tipologia": "N", "titolare": "ENEL X Mobility", "id_via": "1709", "nome_via": "VIA MAESTRI DEL LAVORO", "localita": "VIA MAESTRI DEL LAVORO", "numero_col": "1", "numero_pdr": "2", "infra": "AC Normal", "progetto": "PROGETTI PRIVATI NUOVA PROCEDURA (dopo 15.10.2018)", "note": "attiva", "ordinanza": "554/2022", "anno": "2022" }, "geometry": { "type": "Point", "coordinates": [ 9.196503712018398, 45.519317503246164 ] } },
{ "type": "Feature", "properties": { "id_amat": 474, "municipio": "1", "id_sottonil": "37", "id_nil": "7", "nome_nil": "MAGENTA - S. VITTORE", "cerchia": "BASTIONI", "ambito_id": "7", "ambito_nome": "Magenta - San Vittore", "attuazione": "3", "tipologia": "F", "titolare": "ENEL X Mobility", "id_via": "6161", "nome_via": "VIA CARADOSSO", "localita": "VIA CARADOSSO 17", "numero_col": "1", "numero_pdr": "2", "infra": "AC-DC Fast", "progetto": "PROGETTI PRIVATI NUOVA PROCEDURA (dopo 15.10.2018)", "note": "attiva", "ordinanza": "337/2023", "anno": "2023" }, "geometry": { "type": "Point", "coordinates": [ 9.172888865451469, 45.467408072583055 ] } },
{ "type": "Feature", "properties": { "id_amat": 476, "municipio": "9", "id_sottonil": "20", "id_nil": "80", "nome_nil": "AFFORI", "cerchia": "EXTRA-FILOVIARIA", "ambito_id": "42", "ambito_nome": "Intorni Di Stazioni Della Linea Metropolitana M3 Comasina", "attuazione": "3", "tipologia": "N", "titolare": "A2A Energy Solutions", "id_via": "1472", "nome_via": "VIA MONETA ERNESTO TEODORO", "localita": "VIA MONETA ERNESTO TEODORO", "numero_col": "1", "numero_pdr": "2", "infra": "AC Normal", "progetto": null, "note": "attiva", "ordinanza": "Ord. Viab. 2031/2021", "anno": "2021" }, "geometry": { "type": "Point", "coordinates": [ 9.163083059669605, 45.513867762636522 ] } },
{ "type": "Feature", "properties": { "id_amat": 477, "municipio": "5", "id_sottonil": "91", "id_nil": "6", "nome_nil": "TICINESE", "cerchia": "FILOVIARIA", "ambito_id": "19", "ambito_nome": "Liguria - Romolo", "attuazione": "3", "tipologia": "N", "titolare": "ENEL X Mobility", "id_via": "5207", "nome_via": "VIA BALILLA", "localita": "VIA BALILLA 18", "numero_col": "1", "numero_pdr": "2", "infra": "AC Normal", "progetto": "PROGETTI PRIVATI NUOVA PROCEDURA (dopo 15.10.2018)", "note": "attiva", "ordinanza": "435/2022", "anno": "2022" }, "geometry": { "type": "Point", "coordinates": [ 9.182076996078798, 45.446739302650236 ] } },
{ "type": "Feature", "properties": { "id_amat": 480, "municipio": "1", "id_sottonil": "35", "id_nil": "1", "nome_nil": "DUOMO", "cerchia": "BASTIONI", "ambito_id": "1", "ambito_nome": "Centro storico", "attuazione": "3", "tipologia": "N", "titolare": "A2A Energy Solutions", "id_via": "704", "nome_via": "PIAZZA CASTELLO", "localita": "PIAZZA CASTELLO 29", "numero_col": "1", "numero_pdr": "2", "infra": "AC Normal", "progetto": "PROGETTI PRIVATI NUOVA PROCEDURA (dopo 15.10.2018)", "note": "attiva", "ordinanza": "1359/2022", "anno": "2022" }, "geometry": { "type": "Point", "coordinates": [ 9.176472341121089, 45.470238055944698 ] } },
{ "type": "Feature", "properties": { "id_amat": 486, "municipio": "1", "id_sottonil": "92", "id_nil": "6", "nome_nil": "TICINESE", "cerchia": "BASTIONI", "ambito_id": "6", "ambito_nome": "Ticinese - Vigentina", "attuazione": "3", "tipologia": "F", "titolare": "ENEL X Mobility", "id_via": "541", "nome_via": "CORSO DI PORTA TICINESE", "localita": "CORSO DI PORTA TICINESE 93", "numero_col": "1", "numero_pdr": "2", "infra": "AC-DC Fast", "progetto": "PROGETTI PRIVATI NUOVA PROCEDURA (dopo 15.10.2018)", "note": "attiva", "ordinanza": "1632/2023", "anno": "2023" }, "geometry": { "type": "Point", "coordinates": [ 9.180844380441027, 45.455324735366261 ] } },
{ "type": "Feature", "properties": { "id_amat": 492, "municipio": "1", "id_sottonil": "81", "id_nil": "68", "nome_nil": "PAGANO", "cerchia": "FILOVIARIA", "ambito_id": "2", "ambito_nome": "Fiera", "attuazione": "3", "tipologia": "F", "titolare": "ENEL X Mobility", "id_via": "7138", "nome_via": "VIA SANGIORGIO ABBONDIO", "localita": "VIA SANGIORGIO ABBONDIO 13", "numero_col": "1", "numero_pdr": "2", "infra": "AC-DC Fast", "progetto": "PROGETTI PRIVATI NUOVA PROCEDURA (dopo 15.10.2018)", "note": "attiva", "ordinanza": "40/2023", "anno": "2023" }, "geometry": { "type": "Point", "coordinates": [ 9.167734606800726, 45.475776267207571 ] } },
{ "type": "Feature", "properties": { "id_amat": 495, "municipio": "1", "id_sottonil": "37", "id_nil": "7", "nome_nil": "MAGENTA - S. VITTORE", "cerchia": "BASTIONI", "ambito_id": "7", "ambito_nome": "Magenta - San Vittore", "attuazione": "3", "tipologia": "N", "titolare": "ENEL X Mobility", "id_via": "6151", "nome_via": "VIA DE TOGNI ARISTIDE", "localita": "VIA DE TOGNI ARISTIDE-VIA Marradi Giovanni", "numero_col": "1", "numero_pdr": "2", "infra": "AC Normal", "progetto": "PROGETTI PRIVATI NUOVA PROCEDURA (dopo 15.10.2018)", "note": "attiva", "ordinanza": "1194/2022", "anno": "2022" }, "geometry": { "type": "Point", "coordinates": [ 9.173521902660021, 45.464743019993257 ] } },
{ "type": "Feature", "properties": { "id_amat": 500, "municipio": "4", "id_sottonil": "5", "id_nil": "29", "nome_nil": "ORTOMERCATO", "cerchia": "EXTRA-FILOVIARIA", "ambito_id": "31", "ambito_nome": "Argonne", "attuazione": "3", "tipologia": "F", "titolare": "ENEL X Mobility", "id_via": "3339", "nome_via": "VIA CADIBONA", "localita": "VIA CADIBONA-VIA Maspero Paolo", "numero_col": "1", "numero_pdr": "2", "infra": "AC-DC Fast", "progetto": "PROGETTI PRIVATI NUOVA PROCEDURA (dopo 15.10.2018)", "note": "attiva", "ordinanza": "1024/2022", "anno": "2022" }, "geometry": { "type": "Point", "coordinates": [ 9.227132477525844, 45.453547518846847 ] } },
{ "type": "Feature", "properties": { "id_amat": 503, "municipio": "1", "id_sottonil": "34", "id_nil": "2", "nome_nil": "BRERA", "cerchia": "BASTIONI", "ambito_id": "3", "ambito_nome": "Garibaldi", "attuazione": "3", "tipologia": "N", "titolare": "ENEL X Mobility", "id_via": "1041", "nome_via": "VIA CERNAIA", "localita": "VIA CERNAIA 2", "numero_col": "1", "numero_pdr": "2", "infra": "AC Normal", "progetto": "PROGETTI PRIVATI NUOVA PROCEDURA (dopo 15.10.2018)", "note": "attiva", "ordinanza": "1373/2022", "anno": "2022" }, "geometry": { "type": "Point", "coordinates": [ 9.189741268559198, 45.473410616265404 ] } },
{ "type": "Feature", "properties": { "id_amat": 511, "municipio": "5", "id_sottonil": "91", "id_nil": "6", "nome_nil": "TICINESE", "cerchia": "FILOVIARIA", "ambito_id": "19", "ambito_nome": "Liguria - Romolo", "attuazione": "3", "tipologia": "F", "titolare": "ENEL X Mobility", "id_via": "5210", "nome_via": "VIA GIOVENALE", "localita": "VIA GIOVENALE 4", "numero_col": "1", "numero_pdr": "2", "infra": "AC-DC Fast", "progetto": "PROGETTI PRIVATI NUOVA PROCEDURA (dopo 15.10.2018)", "note": "attiva", "ordinanza": "1121/2024", "anno": "2024" }, "geometry": { "type": "Point", "coordinates": [ 9.185141017140063, 45.449537062930553 ] } },
{ "type": "Feature", "properties": { "id_amat": 512, "municipio": "5", "id_sottonil": "17", "id_nil": "43", "nome_nil": "TIBALDI", "cerchia": "EXTRA-FILOVIARIA", "ambito_id": "25", "ambito_nome": "Abbiategrasso", "attuazione": "3", "tipologia": "N", "titolare": "ENEL X Mobility", "id_via": "5248", "nome_via": "VIA CARCANO GIULIO", "localita": "VIA CARCANO GIULIO-VIA Meda Giuseppe", "numero_col": "1", "numero_pdr": "2", "infra": "AC Normal", "progetto": "PROGETTI PRIVATI NUOVA PROCEDURA (dopo 15.10.2018)", "note": "attiva", "ordinanza": "395/2023", "anno": "2023" }, "geometry": { "type": "Point", "coordinates": [ 9.178718770901458, 45.439475867431412 ] } },
{ "type": "Feature", "properties": { "id_amat": 516, "municipio": "5", "id_sottonil": "32", "id_nil": "42", "nome_nil": "STADERA", "cerchia": "EXTRA-FILOVIARIA", "ambito_id": "25", "ambito_nome": "Abbiategrasso", "attuazione": "3", "tipologia": "N", "titolare": "ENEL X Mobility", "id_via": "5332", "nome_via": "VIA ISIMBARDI INNOCENZO", "localita": "VIA ISIMBARDI INNOCENZO 42", "numero_col": "1", "numero_pdr": "2", "infra": "AC Normal", "progetto": "PROGETTI PRIVATI NUOVA PROCEDURA (dopo 15.10.2018)", "note": "attiva", "ordinanza": "358/2023", "anno": "2023" }, "geometry": { "type": "Point", "coordinates": [ 9.180661381816918, 45.433250742467131 ] } },
{ "type": "Feature", "properties": { "id_amat": 517, "municipio": "1", "id_sottonil": "35", "id_nil": "1", "nome_nil": "DUOMO", "cerchia": "BASTIONI", "ambito_id": "1", "ambito_nome": "Centro storico", "attuazione": "3", "tipologia": "N", "titolare": "ENEL X Mobility", "id_via": "326", "nome_via": "VIA LAGHETTO", "localita": "VIA LAGHETTO-VIA Della Signora", "numero_col": "1", "numero_pdr": "2", "infra": "AC Normal", "progetto": "PROGETTI PRIVATI NUOVA PROCEDURA (dopo 15.10.2018)", "note": "attiva", "ordinanza": "1302/2023", "anno": "2023" }, "geometry": { "type": "Point", "coordinates": [ 9.195962811327561, 45.461217865917106 ] } },
{ "type": "Feature", "properties": { "id_amat": 518, "municipio": "8", "id_sottonil": "8", "id_nil": "65", "nome_nil": "GALLARATESE", "cerchia": "EXTRA-FILOVIARIA", "ambito_id": "34", "ambito_nome": "Molino Dorino", "attuazione": "3", "tipologia": "N", "titolare": "ENEL X Mobility", "id_via": "6737", "nome_via": "VIA LAMPUGNANO", "localita": "VIA LAMPUGNANO 80", "numero_col": "1", "numero_pdr": "2", "infra": "AC Normal", "progetto": "PROGETTI PRIVATI NUOVA PROCEDURA (dopo 15.10.2018)", "note": "attiva", "ordinanza": "1125/2022", "anno": "2022" }, "geometry": { "type": "Point", "coordinates": [ 9.113181685703546, 45.490719965830039 ] } },
{ "type": "Feature", "properties": { "id_amat": 520, "municipio": "9", "id_sottonil": "24", "id_nil": "78", "nome_nil": "FARINI", "cerchia": "FILOVIARIA", "ambito_id": "10", "ambito_nome": "Farini", "attuazione": "3", "tipologia": "N", "titolare": "ENEL X Mobility", "id_via": "1237", "nome_via": "VIALE BODIO LUIGI", "localita": "VIALE BODIO LUIGI 13-15", "numero_col": "1", "numero_pdr": "2", "infra": "AC Normal", "progetto": "PROGETTI PRIVATI NUOVA PROCEDURA (dopo 15.10.2018)", "note": "attiva", "ordinanza": "1225/2022", "anno": "2022" }, "geometry": { "type": "Point", "coordinates": [ 9.169856151165957, 45.496702410946895 ] } },
{ "type": "Feature", "properties": { "id_amat": 521, "municipio": "8", "id_sottonil": "72", "id_nil": "69", "nome_nil": "SARPI", "cerchia": "FILOVIARIA", "ambito_id": "22", "ambito_nome": "Sarpi", "attuazione": "3", "tipologia": "N", "titolare": "ENEL X Mobility", "id_via": "7233", "nome_via": "PIAZZALE CIMITERO MONUMENTALE", "localita": "PIAZZALE CIMITERO MONUMENTALE 27", "numero_col": "1", "numero_pdr": "2", "infra": "AC Normal", "progetto": "PROGETTI PRIVATI NUOVA PROCEDURA (dopo 15.10.2018)", "note": "attiva", "ordinanza": "1253/2024", "anno": "2024" }, "geometry": { "type": "Point", "coordinates": [ 9.177632841908414, 45.48468709041245 ] } },
{ "type": "Feature", "properties": { "id_amat": 525, "municipio": "7", "id_sottonil": "76", "id_nil": "56", "nome_nil": "FORZE ARMATE", "cerchia": "EXTRA-FILOVIARIA", "ambito_id": "36", "ambito_nome": "Bisceglie", "attuazione": "3", "tipologia": "F", "titolare": "ENEL X Mobility", "id_via": "6473", "nome_via": "VIA NIKOLAJEVKA", "localita": "VIA NIKOLAJEVKA-VIA Viterbo", "numero_col": "1", "numero_pdr": "2", "infra": "AC-DC Fast", "progetto": "PROGETTI PRIVATI NUOVA PROCEDURA (dopo 15.10.2018)", "note": "attiva", "ordinanza": "1030/2024", "anno": "2024" }, "geometry": { "type": "Point", "coordinates": [ 9.106894272001961, 45.456284535627567 ] } },
{ "type": "Feature", "properties": { "id_amat": 531, "municipio": "1", "id_sottonil": "33", "id_nil": "4", "nome_nil": "GUASTALLA", "cerchia": "BASTIONI", "ambito_id": "4", "ambito_nome": "Venezia", "attuazione": "3", "tipologia": "N", "titolare": "ENEL X Mobility", "id_via": "2105", "nome_via": "VIA SAN PRIMO", "localita": "VIA SAN PRIMO FRONTE CIVICO 8", "numero_col": "1", "numero_pdr": "2", "infra": "AC Normal", "progetto": "PROGETTI PRIVATI NUOVA PROCEDURA (dopo 15.10.2018)", "note": "attiva", "ordinanza": "732/2023", "anno": "2023" }, "geometry": { "type": "Point", "coordinates": [ 9.199479519146047, 45.470219261756078 ] } },
{ "type": "Feature", "properties": { "id_amat": 532, "municipio": "1", "id_sottonil": "37", "id_nil": "7", "nome_nil": "MAGENTA - S. VITTORE", "cerchia": "BASTIONI", "ambito_id": "7", "ambito_nome": "Magenta - San Vittore", "attuazione": "3", "tipologia": "N", "titolare": "ENEL X Mobility", "id_via": "6232", "nome_via": "VIA TARQUINIO PRISCO", "localita": "VIA TARQUINIO PRISCO 1", "numero_col": "1", "numero_pdr": "2", "infra": "AC Normal", "progetto": "PROGETTI PRIVATI NUOVA PROCEDURA (dopo 15.10.2018)", "note": "attiva", "ordinanza": "1228/2023", "anno": "2023" }, "geometry": { "type": "Point", "coordinates": [ 9.170494403990201, 45.459524741072272 ] } },
{ "type": "Feature", "properties": { "id_amat": 535, "municipio": "8", "id_sottonil": "8", "id_nil": "65", "nome_nil": "GALLARATESE", "cerchia": "EXTRA-FILOVIARIA", "ambito_id": "34", "ambito_nome": "Molino Dorino", "attuazione": "3", "tipologia": "N", "titolare": "ENEL X Mobility", "id_via": "7517", "nome_via": "VIA BETTI UGO", "localita": "VIA BETTI UGO FRONTE CIVICO 175-Parcheggio", "numero_col": "1", "numero_pdr": "2", "infra": "AC Normal", "progetto": "PROGETTI PRIVATI NUOVA PROCEDURA (dopo 15.10.2018)", "note": "attiva", "ordinanza": "1209/2022", "anno": "2022" }, "geometry": { "type": "Point", "coordinates": [ 9.110026843925082, 45.495843359883992 ] } },
{ "type": "Feature", "properties": { "id_amat": 536, "municipio": "9", "id_sottonil": "50", "id_nil": "79", "nome_nil": "DERGANO", "cerchia": "EXTRA-FILOVIARIA", "ambito_id": "42", "ambito_nome": "Intorni Di Stazioni Della Linea Metropolitana M3 Comasina", "attuazione": "3", "tipologia": "F", "titolare": "ENEL X Mobility", "id_via": "1314", "nome_via": "VIA VALASSINA", "localita": "VIA VALASSINA 5", "numero_col": "1", "numero_pdr": "2", "infra": "AC-DC Fast", "progetto": "PROGETTI PRIVATI NUOVA PROCEDURA (dopo 15.10.2018)", "note": "attiva", "ordinanza": "632/2023", "anno": "2023" }, "geometry": { "type": "Point", "coordinates": [ 9.186905793953429, 45.498504674112738 ] } },
{ "type": "Feature", "properties": { "id_amat": 539, "municipio": "5", "id_sottonil": "78", "id_nil": "27", "nome_nil": "PORTA ROMANA", "cerchia": "FILOVIARIA", "ambito_id": null, "ambito_nome": null, "attuazione": "3", "tipologia": "N", "titolare": "ENEL X Mobility", "id_via": "4211", "nome_via": "VIALE ISONZO", "localita": "VIALE ISONZO 27", "numero_col": "1", "numero_pdr": "2", "infra": "AC Normal", "progetto": "PROGETTI PRIVATI NUOVA PROCEDURA (dopo 15.10.2018)", "note": "attiva", "ordinanza": "733/2024", "anno": "2024" }, "geometry": { "type": "Point", "coordinates": [ 9.198867208412507, 45.446367101230159 ] } },
{ "type": "Feature", "properties": { "id_amat": 541, "municipio": "4", "id_sottonil": "78", "id_nil": "27", "nome_nil": "PORTA ROMANA", "cerchia": "FILOVIARIA", "ambito_id": "16", "ambito_nome": "Libia", "attuazione": "3", "tipologia": "N", "titolare": "PowerPoint City Car", "id_via": "4078", "nome_via": "VIA COLLETTA PIETRO", "localita": "VIA COLLETTA PIETRO 14", "numero_col": "1", "numero_pdr": "2", "infra": "AC Normal", "progetto": "PROGETTI PRIVATI NUOVA PROCEDURA (dopo 15.10.2018)", "note": "attiva", "ordinanza": "39/2023", "anno": "2023" }, "geometry": { "type": "Point", "coordinates": [ 9.208634543841461, 45.450058521207104 ] } },
{ "type": "Feature", "properties": { "id_amat": 542, "municipio": "7", "id_sottonil": "76", "id_nil": "56", "nome_nil": "FORZE ARMATE", "cerchia": "EXTRA-FILOVIARIA", "ambito_id": "36", "ambito_nome": "Bisceglie", "attuazione": "3", "tipologia": "N", "titolare": "PowerPoint City Car", "id_via": "6415", "nome_via": "VIA MAR NERO", "localita": "VIA MAR NERO 11", "numero_col": "1", "numero_pdr": "2", "infra": "AC Normal", "progetto": "PROGETTI PRIVATI NUOVA PROCEDURA (dopo 15.10.2018)", "note": "attiva", "ordinanza": "48/2023", "anno": "2023" }, "geometry": { "type": "Point", "coordinates": [ 9.102961206196161, 45.45779975664675 ] } },
{ "type": "Feature", "properties": { "id_amat": 549, "municipio": "1", "id_sottonil": "37", "id_nil": "7", "nome_nil": "MAGENTA - S. VITTORE", "cerchia": "BASTIONI", "ambito_id": "7", "ambito_nome": "Magenta - San Vittore", "attuazione": "3", "tipologia": "N", "titolare": "A2A Energy Solutions", "id_via": "5092", "nome_via": "VIA ARIBERTO", "localita": "VIA ARIBERTO 8", "numero_col": "1", "numero_pdr": "2", "infra": "AC Normal", "progetto": "PROGETTI PRIVATI NUOVA PROCEDURA (dopo 15.10.2018)", "note": "attiva", "ordinanza": "1425/2022", "anno": "2022" }, "geometry": { "type": "Point", "coordinates": [ 9.174727555667811, 45.457835279174432 ] } },
{ "type": "Feature", "properties": { "id_amat": 551, "municipio": "1", "id_sottonil": "92", "id_nil": "6", "nome_nil": "TICINESE", "cerchia": "BASTIONI", "ambito_id": "6", "ambito_nome": "Ticinese - Vigentina", "attuazione": "3", "tipologia": "N", "titolare": "A2A Energy Solutions", "id_via": "5169", "nome_via": "VIA ALESSI GALEAZZO", "localita": "VIA ALESSI GALEAZZO 8", "numero_col": "1", "numero_pdr": "2", "infra": "AC Normal", "progetto": "PROGETTI PRIVATI NUOVA PROCEDURA (dopo 15.10.2018)", "note": "attiva", "ordinanza": "1427/2022", "anno": "2022" }, "geometry": { "type": "Point", "coordinates": [ 9.175750858029287, 45.455468194733335 ] } },
{ "type": "Feature", "properties": { "id_amat": 556, "municipio": "1", "id_sottonil": "35", "id_nil": "1", "nome_nil": "DUOMO", "cerchia": "BASTIONI", "ambito_id": "1", "ambito_nome": "Centro storico", "attuazione": "3", "tipologia": "N", "titolare": "BeCharge", "id_via": "580", "nome_via": "VIA PAPA GREGORIO XIV", "localita": "VIA PAPA GREGORIO XIV 16", "numero_col": "1", "numero_pdr": "2", "infra": "AC Normal", "progetto": "PROGETTI PRIVATI NUOVA PROCEDURA (dopo 15.10.2018)", "note": "attiva", "ordinanza": "17/2023", "anno": "2023" }, "geometry": { "type": "Point", "coordinates": [ 9.182615218256046, 45.458982834416034 ] } },
{ "type": "Feature", "properties": { "id_amat": 557, "municipio": "1", "id_sottonil": "35", "id_nil": "1", "nome_nil": "DUOMO", "cerchia": "BASTIONI", "ambito_id": "1", "ambito_nome": "Centro storico", "attuazione": "3", "tipologia": "N", "titolare": "BeCharge", "id_via": "644", "nome_via": "VIA TERRAGGIO", "localita": "VIA TERRAGGIO fronte civico 12", "numero_col": "1", "numero_pdr": "2", "infra": "AC Normal", "progetto": "PROGETTI PRIVATI NUOVA PROCEDURA (dopo 15.10.2018)", "note": "attiva", "ordinanza": "1336/2022", "anno": "2022" }, "geometry": { "type": "Point", "coordinates": [ 9.175864359948378, 45.465444820021851 ] } },
{ "type": "Feature", "properties": { "id_amat": 558, "municipio": "1", "id_sottonil": "92", "id_nil": "6", "nome_nil": "TICINESE", "cerchia": "BASTIONI", "ambito_id": "6", "ambito_nome": "Ticinese - Vigentina", "attuazione": "3", "tipologia": "N", "titolare": "BeCharge", "id_via": "5180", "nome_via": "VIA CONCA DEL NAVIGLIO", "localita": "VIA CONCA DEL NAVIGLIO fronte civico 45", "numero_col": "1", "numero_pdr": "2", "infra": "AC Normal", "progetto": "PROGETTI PRIVATI NUOVA PROCEDURA (dopo 15.10.2018)", "note": "attiva", "ordinanza": "366/2023", "anno": "2023" }, "geometry": { "type": "Point", "coordinates": [ 9.177397924661163, 45.454536726985971 ] } },
{ "type": "Feature", "properties": { "id_amat": 562, "municipio": "1", "id_sottonil": "37", "id_nil": "7", "nome_nil": "MAGENTA - S. VITTORE", "cerchia": "BASTIONI", "ambito_id": "7", "ambito_nome": "Magenta - San Vittore", "attuazione": "3", "tipologia": "N", "titolare": "ENEL X Mobility", "id_via": "6154", "nome_via": "VIA PANZACCHI ENRICO ", "localita": "VIA PANZACCHI ENRICO 1", "numero_col": "1", "numero_pdr": "2", "infra": "AC Normal", "progetto": "PROGETTI PRIVATI NUOVA PROCEDURA (dopo 15.10.2018)", "note": "attiva", "ordinanza": "401/2023", "anno": "2023" }, "geometry": { "type": "Point", "coordinates": [ 9.174361394622753, 45.465028240954574 ] } },
{ "type": "Feature", "properties": { "id_amat": 565, "municipio": "1", "id_sottonil": "37", "id_nil": "7", "nome_nil": "MAGENTA - S. VITTORE", "cerchia": "BASTIONI", "ambito_id": "7", "ambito_nome": "Magenta - San Vittore", "attuazione": "3", "tipologia": "N", "titolare": "ENEL X Mobility", "id_via": "6214", "nome_via": "VIA BANDELLO MATTEO", "localita": "VIA BANDELLO MATTEO 6", "numero_col": "1", "numero_pdr": "2", "infra": "AC Normal", "progetto": "PROGETTI PRIVATI NUOVA PROCEDURA (dopo 15.10.2018)", "note": "attiva", "ordinanza": "368/2023", "anno": "2023" }, "geometry": { "type": "Point", "coordinates": [ 9.167991821395223, 45.464842137911369 ] } },
{ "type": "Feature", "properties": { "id_amat": 567, "municipio": "1", "id_sottonil": "34", "id_nil": "2", "nome_nil": "BRERA", "cerchia": "BASTIONI", "ambito_id": "3", "ambito_nome": "Garibaldi", "attuazione": "3", "tipologia": "N", "titolare": "ENEL X Mobility", "id_via": "1035", "nome_via": "VIA MARSALA", "localita": "VIA MARSALA 11", "numero_col": "1", "numero_pdr": "2", "infra": "AC Normal", "progetto": "PROGETTI PRIVATI NUOVA PROCEDURA (dopo 15.10.2018)", "note": "attiva", "ordinanza": "1442/2023", "anno": "2023" }, "geometry": { "type": "Point", "coordinates": [ 9.186385274385172, 45.479220627612946 ] } },
{ "type": "Feature", "properties": { "id_amat": 576, "municipio": "2", "id_sottonil": "23", "id_nil": "17", "nome_nil": "ADRIANO", "cerchia": "EXTRA-FILOVIARIA", "ambito_id": null, "ambito_nome": null, "attuazione": "3", "tipologia": "N", "titolare": "A2A Energy Solutions", "id_via": "2501", "nome_via": "VIA CASCIA", "localita": "VIA CASCIA-VIA del Ricordo", "numero_col": "1", "numero_pdr": "2", "infra": "AC Normal", "progetto": "PROGETTI PRIVATI NUOVA PROCEDURA (dopo 15.10.2018)", "note": "attiva", "ordinanza": "1280/2022", "anno": "2022" }, "geometry": { "type": "Point", "coordinates": [ 9.244420091819711, 45.510734603143653 ] } },
{ "type": "Feature", "properties": { "id_amat": 579, "municipio": "2", "id_sottonil": "87", "id_nil": "10", "nome_nil": "CENTRALE", "cerchia": "EXTRA-FILOVIARIA", "ambito_id": "43", "ambito_nome": "Zara - Testi", "attuazione": "3", "tipologia": "NF", "titolare": "BeCharge", "id_via": "1176", "nome_via": "VIA PARRAVICINI RAFFAELE", "localita": "VIA PARRAVICINI RAFFAELE-VIA Gluck Cristoforo", "numero_col": "2", "numero_pdr": "4", "infra": "AC Normal-AC-DC Fast ", "progetto": "PROGETTI PRIVATI NUOVA PROCEDURA (dopo 15.10.2018)", "note": "attiva", "ordinanza": "256/2023-258/2023", "anno": "2023" }, "geometry": { "type": "Point", "coordinates": [ 9.208550234366651, 45.493177219438778 ] } },
{ "type": "Feature", "properties": { "id_amat": 580, "municipio": "2", "id_sottonil": "67", "id_nil": "16", "nome_nil": "VIALE MONZA", "cerchia": "EXTRA-FILOVIARIA", "ambito_id": "30", "ambito_nome": "Monza", "attuazione": "3", "tipologia": "F", "titolare": "ENEL X Mobility", "id_via": "2455", "nome_via": "VIA DEMOSTENE ", "localita": "VIA DEMOSTENE-VIA Stefanardo da Vimercate", "numero_col": "1", "numero_pdr": "2", "infra": "AC-DC Fast ", "progetto": "PROGETTI PRIVATI NUOVA PROCEDURA (dopo 15.10.2018)", "note": "attiva", "ordinanza": "50/2023", "anno": "2023" }, "geometry": { "type": "Point", "coordinates": [ 9.226081146813666, 45.50622816384719 ] } },
{ "type": "Feature", "properties": { "id_amat": 588, "municipio": "3", "id_sottonil": "85", "id_nil": "21", "nome_nil": "BUENOS AIRES - VENEZIA", "cerchia": "EXTRA-FILOVIARIA", "ambito_id": "13", "ambito_nome": "Buenos Aires - Bacone", "attuazione": "3", "tipologia": "F", "titolare": "A2A Energy Solutions", "id_via": "2177", "nome_via": "VIALE ABRUZZI", "localita": "VIALE ABRUZZI-VIA Amedeo d'Aosta", "numero_col": "1", "numero_pdr": "2", "infra": "AC-DC Fast ", "progetto": "PROGETTI PRIVATI NUOVA PROCEDURA (dopo 15.10.2018)", "note": "attiva", "ordinanza": "41/2023", "anno": "2023" }, "geometry": { "type": "Point", "coordinates": [ 9.217384403969639, 45.474964358351571 ] } },
{ "type": "Feature", "properties": { "id_amat": 590, "municipio": "3", "id_sottonil": "85", "id_nil": "21", "nome_nil": "BUENOS AIRES - VENEZIA", "cerchia": "EXTRA-FILOVIARIA", "ambito_id": "30", "ambito_nome": "Monza", "attuazione": "3", "tipologia": "N", "titolare": "ENEL X Mobility", "id_via": "2255", "nome_via": "VIA BOCCHERINI LUIGI", "localita": "VIA BOCCHERINI LUIGI 1", "numero_col": "1", "numero_pdr": "2", "infra": "AC Normal", "progetto": "PROGETTI PRIVATI NUOVA PROCEDURA (dopo 15.10.2018)", "note": "attiva", "ordinanza": "345/2023", "anno": "2023" }, "geometry": { "type": "Point", "coordinates": [ 9.222605933232488, 45.484724884440048 ] } },
{ "type": "Feature", "properties": { "id_amat": 597, "municipio": "4", "id_sottonil": "25", "id_nil": "28", "nome_nil": "UMBRIA - MOLISE", "cerchia": "EXTRA-FILOVIARIA", "ambito_id": "17", "ambito_nome": "Martini", "attuazione": "3", "tipologia": "N", "titolare": "A2A Energy Solutions", "id_via": "4091", "nome_via": "VIA LATTANZIO", "localita": "VIA LATTANZIO 11", "numero_col": "1", "numero_pdr": "2", "infra": "AC Normal", "progetto": "PROGETTI PRIVATI NUOVA PROCEDURA (dopo 15.10.2018)", "note": "attiva", "ordinanza": "452/2023", "anno": "2023" }, "geometry": { "type": "Point", "coordinates": [ 9.21393549090126, 45.449205022588671 ] } },
{ "type": "Feature", "properties": { "id_amat": 598, "municipio": "4", "id_sottonil": "84", "id_nil": "26", "nome_nil": "XXII MARZO", "cerchia": "FILOVIARIA", "ambito_id": "16", "ambito_nome": "Libia", "attuazione": "3", "tipologia": "N", "titolare": "BeCharge", "id_via": "3192", "nome_via": "VIA PROPERZIO", "localita": "VIA PROPERZIO 1", "numero_col": "2", "numero_pdr": "4", "infra": "AC Normal", "progetto": "PROGETTI PRIVATI NUOVA PROCEDURA (dopo 15.10.2018)", "note": "attiva", "ordinanza": "257/2023", "anno": "2023" }, "geometry": { "type": "Point", "coordinates": [ 9.208882256050918, 45.4557659393206 ] } },
{ "type": "Feature", "properties": { "id_amat": 603, "municipio": "4", "id_sottonil": "84", "id_nil": "26", "nome_nil": "XXII MARZO", "cerchia": "FILOVIARIA", "ambito_id": "16", "ambito_nome": "Libia", "attuazione": "3", "tipologia": "N", "titolare": "ENEL X Mobility", "id_via": "3187", "nome_via": "VIA FOGAZZARO ANTONIO", "localita": "VIA FOGAZZARO ANTONIO 23", "numero_col": "1", "numero_pdr": "2", "infra": "AC Normal", "progetto": "PROGETTI PRIVATI NUOVA PROCEDURA (dopo 15.10.2018)", "note": "attiva", "ordinanza": "217/2023", "anno": "2023" }, "geometry": { "type": "Point", "coordinates": [ 9.209658083902614, 45.457375713889775 ] } },
{ "type": "Feature", "properties": { "id_amat": 609, "municipio": "5", "id_sottonil": "22", "id_nil": "37", "nome_nil": "EX OM - MORIVIONE", "cerchia": "EXTRA-FILOVIARIA", "ambito_id": null, "ambito_nome": null, "attuazione": "3", "tipologia": "N", "titolare": "A2A Energy Solutions", "id_via": "4250", "nome_via": "VIA ANTONINI GIACOMO", "localita": "VIA ANTONINI GIACOMO-VIA Negri Ada", "numero_col": "1", "numero_pdr": "2", "infra": "AC Normal", "progetto": "PROGETTI PRIVATI NUOVA PROCEDURA (dopo 15.10.2018)", "note": "attiva", "ordinanza": "1308/2022", "anno": "2022" }, "geometry": { "type": "Point", "coordinates": [ 9.195832933463681, 45.437298641159451 ] } },
{ "type": "Feature", "properties": { "id_amat": 610, "municipio": "5", "id_sottonil": "22", "id_nil": "37", "nome_nil": "EX OM - MORIVIONE", "cerchia": "EXTRA-FILOVIARIA", "ambito_id": null, "ambito_nome": null, "attuazione": "3", "tipologia": "N", "titolare": "A2A Energy Solutions", "id_via": "4325", "nome_via": "VIA SPADOLINI GIOVANNI", "localita": "VIA SPADOLINI GIOVANNI 9", "numero_col": "1", "numero_pdr": "2", "infra": "AC Normal", "progetto": "PROGETTI PRIVATI NUOVA PROCEDURA (dopo 15.10.2018)", "note": "attiva", "ordinanza": "1310/2022", "anno": "2022" }, "geometry": { "type": "Point", "coordinates": [ 9.190887863362139, 45.443523257979528 ] } },
{ "type": "Feature", "properties": { "id_amat": 611, "municipio": "5", "id_sottonil": "36", "id_nil": "36", "nome_nil": "SCALO ROMANA", "cerchia": "EXTRA-FILOVIARIA", "ambito_id": "35", "ambito_nome": "San Donato", "attuazione": "3", "tipologia": "N", "titolare": "A2A Energy Solutions", "id_via": "4195", "nome_via": "VIA CASSANO D'ADDA", "localita": "VIA CASSANO D'ADDA 24", "numero_col": "1", "numero_pdr": "2", "infra": "AC Normal", "progetto": "PROGETTI PRIVATI NUOVA PROCEDURA (dopo 15.10.2018)", "note": "attiva_revoca_243/2023", "ordinanza": "426/2023", "anno": "2023" }, "geometry": { "type": "Point", "coordinates": [ 9.211365434305296, 45.437926052368184 ] } },
{ "type": "Feature", "properties": { "id_amat": 612, "municipio": "5", "id_sottonil": "17", "id_nil": "43", "nome_nil": "TIBALDI", "cerchia": "EXTRA-FILOVIARIA", "ambito_id": "25", "ambito_nome": "Abbiategrasso", "attuazione": "3", "tipologia": "F", "titolare": "A2A Energy Solutions", "id_via": "5267", "nome_via": "VIA RIMINI", "localita": "VIA RIMINI 2", "numero_col": "1", "numero_pdr": "2", "infra": "AC-DC Fast", "progetto": "PROGETTI PRIVATI NUOVA PROCEDURA (dopo 15.10.2018)", "note": "attiva", "ordinanza": "1307/2022", "anno": "2022" }, "geometry": { "type": "Point", "coordinates": [ 9.173966909008417, 45.440758121787603 ] } },
{ "type": "Feature", "properties": { "id_amat": 616, "municipio": "5", "id_sottonil": "91", "id_nil": "6", "nome_nil": "TICINESE", "cerchia": "FILOVIARIA", "ambito_id": "18", "ambito_nome": "Bocconi", "attuazione": "3", "tipologia": "F", "titolare": "BeCharge", "id_via": "5214", "nome_via": "VIA COL BRICON", "localita": "VIA COL BRICON-VIA Teulie' Pietro", "numero_col": "1", "numero_pdr": "2", "infra": "AC-DC Fast", "progetto": "PROGETTI PRIVATI NUOVA PROCEDURA (dopo 15.10.2018)", "note": "attiva", "ordinanza": "238/2023", "anno": "2023" }, "geometry": { "type": "Point", "coordinates": [ 9.185909364852877, 45.450318795254333 ] } },
{ "type": "Feature", "properties": { "id_amat": 622, "municipio": "6", "id_sottonil": "75", "id_nil": "52", "nome_nil": "BANDE NERE", "cerchia": "EXTRA-FILOVIARIA", "ambito_id": "36", "ambito_nome": "Bisceglie", "attuazione": "3", "tipologia": "F", "titolare": "A2A Energy Solutions", "id_via": "6675", "nome_via": "VIA SODERINI LUIGI ", "localita": "VIA SODERINI LUIGI 24", "numero_col": "1", "numero_pdr": "2", "infra": "AC-DC Fast", "progetto": "PROGETTI PRIVATI NUOVA PROCEDURA (dopo 15.10.2018)", "note": "attiva", "ordinanza": "143/2023", "anno": "2023" }, "geometry": { "type": "Point", "coordinates": [ 9.142787492310488, 45.456764691109193 ] } },
{ "type": "Feature", "properties": { "id_amat": 623, "municipio": "6", "id_sottonil": "16", "id_nil": "48", "nome_nil": "RONCHETTO SUL NAVIGLIO", "cerchia": "EXTRA-FILOVIARIA", "ambito_id": null, "ambito_nome": null, "attuazione": "3", "tipologia": "F", "titolare": "A2A Energy Solutions", "id_via": "5375", "nome_via": "VIA COTTOLENGO SAN GIUSEPPE", "localita": "VIA COTTOLENGO SAN GIUSEPPE 11", "numero_col": "1", "numero_pdr": "2", "infra": "AC-DC Fast", "progetto": "PROGETTI PRIVATI NUOVA PROCEDURA (dopo 15.10.2018)", "note": "attiva", "ordinanza": "135/2023", "anno": "2023" }, "geometry": { "type": "Point", "coordinates": [ 9.145826537502476, 45.442296402907914 ] } },
{ "type": "Feature", "properties": { "id_amat": 624, "municipio": "6", "id_sottonil": "59", "id_nil": "44", "nome_nil": "NAVIGLI", "cerchia": "FILOVIARIA", "ambito_id": "19", "ambito_nome": "Liguria - Romolo", "attuazione": "3", "tipologia": "N", "titolare": "A2A Energy Solutions", "id_via": "5145", "nome_via": "VIA VILLORESI EUGENIO", "localita": "VIA VILLORESI EUGENIO 16", "numero_col": "1", "numero_pdr": "2", "infra": "AC Normal", "progetto": "PROGETTI PRIVATI NUOVA PROCEDURA (dopo 15.10.2018)", "note": "attiva", "ordinanza": "386/2023", "anno": "2023" }, "geometry": { "type": "Point", "coordinates": [ 9.163021439266361, 45.447564494590161 ] } },
{ "type": "Feature", "properties": { "id_amat": 627, "municipio": "6", "id_sottonil": "41", "id_nil": "46", "nome_nil": "BARONA", "cerchia": "EXTRA-FILOVIARIA", "ambito_id": null, "ambito_nome": null, "attuazione": "3", "tipologia": "N", "titolare": "A2A Energy Solutions", "id_via": "5352", "nome_via": "VIA OVADA", "localita": "VIA OVADA 6", "numero_col": "1", "numero_pdr": "2", "infra": "AC Normal", "progetto": "PROGETTI PRIVATI NUOVA PROCEDURA (dopo 15.10.2018)", "note": "attiva", "ordinanza": "49/2024", "anno": "2024" }, "geometry": { "type": "Point", "coordinates": [ 9.155744797571215, 45.435786484244908 ] } },
{ "type": "Feature", "properties": { "id_amat": 632, "municipio": "7", "id_sottonil": "75", "id_nil": "52", "nome_nil": "BANDE NERE", "cerchia": "EXTRA-FILOVIARIA", "ambito_id": "36", "ambito_nome": "Bisceglie", "attuazione": "3", "tipologia": "N", "titolare": "A2A Energy Solutions", "id_via": "6274", "nome_via": "VIA MASSAUA", "localita": "VIA MASSAUA-VIALE Caterina da Forlì", "numero_col": "1", "numero_pdr": "2", "infra": "AC Normal", "progetto": "PROGETTI PRIVATI NUOVA PROCEDURA (dopo 15.10.2018)", "note": "attiva", "ordinanza": "1365/2022", "anno": "2022" }, "geometry": { "type": "Point", "coordinates": [ 9.146328106526918, 45.460264847889107 ] } },
{ "type": "Feature", "properties": { "id_amat": 633, "municipio": "7", "id_sottonil": "73", "id_nil": "58", "nome_nil": "DE ANGELI - MONTE ROSA", "cerchia": "FILOVIARIA", "ambito_id": "2", "ambito_nome": "Fiera", "attuazione": "3", "tipologia": "N", "titolare": "A2A Energy Solutions", "id_via": "6284", "nome_via": "VIA COLONNA VITTORIA", "localita": "VIA COLONNA VITTORIA-VIA Carlo Ravizza", "numero_col": "1", "numero_pdr": "2", "infra": "AC Normal", "progetto": "PROGETTI PRIVATI NUOVA PROCEDURA (dopo 15.10.2018)", "note": "attiva", "ordinanza": "93/2023", "anno": "2023" }, "geometry": { "type": "Point", "coordinates": [ 9.15066228760719, 45.468630285964998 ] } },
{ "type": "Feature", "properties": { "id_amat": 634, "municipio": "7", "id_sottonil": "74", "id_nil": "51", "nome_nil": "WASHINGTON", "cerchia": "FILOVIARIA", "ambito_id": "21", "ambito_nome": "Washington", "attuazione": "3", "tipologia": "N", "titolare": "A2A Energy Solutions", "id_via": "6101", "nome_via": "VIA CALIFORNIA", "localita": "VIA CALIFORNIA 2", "numero_col": "1", "numero_pdr": "2", "infra": "AC Normal", "progetto": "PROGETTI PRIVATI NUOVA PROCEDURA (dopo 15.10.2018)", "note": "attiva", "ordinanza": "390/2023", "anno": "2023" }, "geometry": { "type": "Point", "coordinates": [ 9.16014912893818, 45.459034276444648 ] } },
{ "type": "Feature", "properties": { "id_amat": 635, "municipio": "7", "id_sottonil": "73", "id_nil": "58", "nome_nil": "DE ANGELI - MONTE ROSA", "cerchia": "FILOVIARIA", "ambito_id": "2", "ambito_nome": "Fiera", "attuazione": "3", "tipologia": "F", "titolare": "A2A Energy Solutions", "id_via": "6391", "nome_via": "VIA PELIZZA DA VOLPEDO GIUSEPPE ", "localita": "VIA PELIZZA DA VOLPEDO GIUSEPPE  26", "numero_col": "1", "numero_pdr": "2", "infra": "AC-DC Fast", "progetto": "PROGETTI PRIVATI NUOVA PROCEDURA (dopo 15.10.2018)", "note": "attiva", "ordinanza": "1424/2022", "anno": "2022" }, "geometry": { "type": "Point", "coordinates": [ 9.148049813901428, 45.47362560542566 ] } },
{ "type": "Feature", "properties": { "id_amat": 636, "municipio": "7", "id_sottonil": "74", "id_nil": "51", "nome_nil": "WASHINGTON", "cerchia": "FILOVIARIA", "ambito_id": "21", "ambito_nome": "Washington", "attuazione": "3", "tipologia": "N", "titolare": "A2A Energy Solutions", "id_via": "6242", "nome_via": "VIA PIRANDELLO LUIGI", "localita": "VIA PIRANDELLO LUIGI-VIA Elba", "numero_col": "1", "numero_pdr": "2", "infra": "AC Normal", "progetto": "PROGETTI PRIVATI NUOVA PROCEDURA (dopo 15.10.2018)", "note": "attiva", "ordinanza": "88/2023", "anno": "2023" }, "geometry": { "type": "Point", "coordinates": [ 9.157053800393662, 45.463473170164058 ] } },
{ "type": "Feature", "properties": { "id_amat": 640, "municipio": "7", "id_sottonil": "74", "id_nil": "51", "nome_nil": "WASHINGTON", "cerchia": "FILOVIARIA", "ambito_id": "21", "ambito_nome": "Washington", "attuazione": "3", "tipologia": "N", "titolare": "ENEL X Mobility", "id_via": "6115", "nome_via": "VIA DEI SORMANI", "localita": "VIA DEI SORMANI-VIA Stromboli", "numero_col": "1", "numero_pdr": "2", "infra": "AC Normal", "progetto": "PROGETTI PRIVATI NUOVA PROCEDURA (dopo 15.10.2018)", "note": "attiva", "ordinanza": "265/2023", "anno": "2023" }, "geometry": { "type": "Point", "coordinates": [ 9.1590229105351, 45.458905554608755 ] } },
{ "type": "Feature", "properties": { "id_amat": 641, "municipio": "7", "id_sottonil": "74", "id_nil": "51", "nome_nil": "WASHINGTON", "cerchia": "FILOVIARIA", "ambito_id": "21", "ambito_nome": "Washington", "attuazione": "3", "tipologia": "N", "titolare": "ENEL X Mobility", "id_via": "6108", "nome_via": "VIA DEZZA GIUSEPPE", "localita": "VIA DEZZA GIUSEPPE-VIA Ferrario Ercole", "numero_col": "1", "numero_pdr": "2", "infra": "AC Normal", "progetto": "PROGETTI PRIVATI NUOVA PROCEDURA (dopo 15.10.2018)", "note": "attiva", "ordinanza": "236/2023", "anno": "2023" }, "geometry": { "type": "Point", "coordinates": [ 9.16016115345691, 45.461468919891736 ] } },
{ "type": "Feature", "properties": { "id_amat": 642, "municipio": "7", "id_sottonil": "74", "id_nil": "51", "nome_nil": "WASHINGTON", "cerchia": "FILOVIARIA", "ambito_id": "21", "ambito_nome": "Washington", "attuazione": "3", "tipologia": "N", "titolare": "ENEL X Mobility", "id_via": "6194", "nome_via": "VIA GIOVIO PAOLO", "localita": "VIA GIOVIO PAOLO 45", "numero_col": "1", "numero_pdr": "2", "infra": "AC Normal", "progetto": "PROGETTI PRIVATI NUOVA PROCEDURA (dopo 15.10.2018)", "note": "attiva", "ordinanza": "223/2023", "anno": "2023" }, "geometry": { "type": "Point", "coordinates": [ 9.162680762447266, 45.461723155330482 ] } },
{ "type": "Feature", "properties": { "id_amat": 643, "municipio": "7", "id_sottonil": "81", "id_nil": "68", "nome_nil": "PAGANO", "cerchia": "FILOVIARIA", "ambito_id": "2", "ambito_nome": "Fiera", "attuazione": "3", "tipologia": "N", "titolare": "Mecha Park Italia", "id_via": "6193", "nome_via": "CORSO VERCELLI", "localita": "CORSO VERCELLI 8", "numero_col": "1", "numero_pdr": "2", "infra": "AC Normal", "progetto": "PROGETTI PRIVATI NUOVA PROCEDURA (dopo 15.10.2018)", "note": "attiva", "ordinanza": "278/2023", "anno": "2023" }, "geometry": { "type": "Point", "coordinates": [ 9.163377244613768, 45.46635307247918 ] } },
{ "type": "Feature", "properties": { "id_amat": 648, "municipio": "8", "id_sottonil": "72", "id_nil": "69", "nome_nil": "SARPI", "cerchia": "FILOVIARIA", "ambito_id": "23", "ambito_nome": "Sempione - Cenisio", "attuazione": "3", "tipologia": "F", "titolare": "ENEL X Mobility", "id_via": "7201", "nome_via": "PIAZZA GERUSALEMME", "localita": "PIAZZA GERUSALEMME fronte civico 6", "numero_col": "1", "numero_pdr": "2", "infra": "AC-DC Fast", "progetto": "PROGETTI PRIVATI NUOVA PROCEDURA (dopo 15.10.2018)", "note": "attiva", "ordinanza": "1174/2022", "anno": "2022" }, "geometry": { "type": "Point", "coordinates": [ 9.166818633636085, 45.4837665636963 ] } },
{ "type": "Feature", "properties": { "id_amat": 653, "municipio": "8", "id_sottonil": "48", "id_nil": "71", "nome_nil": "VILLAPIZZONE", "cerchia": "EXTRA-FILOVIARIA", "ambito_id": "40", "ambito_nome": "Ferroviaria Nord-Ovest", "attuazione": "3", "tipologia": "N", "titolare": "Mecha Park Italia", "id_via": "7391", "nome_via": "VIA MOLA PIER FRANCESCO", "localita": "VIA MOLA PIER FRANCESCO 46", "numero_col": "1", "numero_pdr": "2", "infra": "AC Normal", "progetto": "PROGETTI PRIVATI NUOVA PROCEDURA (dopo 15.10.2018)", "note": "attiva", "ordinanza": "277/2023", "anno": "2023" }, "geometry": { "type": "Point", "coordinates": [ 9.140486345785293, 45.496353661544731 ] } },
{ "type": "Feature", "properties": { "id_amat": 654, "municipio": "9", "id_sottonil": "71", "id_nil": "11", "nome_nil": "ISOLA", "cerchia": "FILOVIARIA", "ambito_id": "10", "ambito_nome": "Farini", "attuazione": "3", "tipologia": "N", "titolare": "A2A Energy Solutions", "id_via": "1171", "nome_via": "VIA LARIO", "localita": "VIA LARIO 21", "numero_col": "1", "numero_pdr": "2", "infra": "AC Normal", "progetto": "PROGETTI PRIVATI NUOVA PROCEDURA (dopo 15.10.2018)", "note": "attiva", "ordinanza": "811/2023", "anno": "2023" }, "geometry": { "type": "Point", "coordinates": [ 9.190931112254258, 45.493900838739485 ] } },
{ "type": "Feature", "properties": { "id_amat": 655, "municipio": "9", "id_sottonil": "20", "id_nil": "80", "nome_nil": "AFFORI", "cerchia": "EXTRA-FILOVIARIA", "ambito_id": "42", "ambito_nome": "Intorni Di Stazioni Della Linea Metropolitana M3 Comasina", "attuazione": "3", "tipologia": "F", "titolare": "A2A Energy Solutions", "id_via": "1477", "nome_via": "VIA CIALDINI ENRICO", "localita": "VIA CIALDINI ENRICO 15", "numero_col": "1", "numero_pdr": "2", "infra": "AC-DC Fast", "progetto": "PROGETTI PRIVATI NUOVA PROCEDURA (dopo 15.10.2018)", "note": "attiva", "ordinanza": "1401/2022", "anno": "2022" }, "geometry": { "type": "Point", "coordinates": [ 9.173014770081627, 45.508329475043766 ] } },
{ "type": "Feature", "properties": { "id_amat": 656, "municipio": "9", "id_sottonil": "31", "id_nil": "14", "nome_nil": "NIGUARDA - CA' GRANDA", "cerchia": "EXTRA-FILOVIARIA", "ambito_id": "43", "ambito_nome": "Zara - Testi", "attuazione": "3", "tipologia": "N", "titolare": "BeCharge", "id_via": "1644", "nome_via": "VIA F.LLI GRIMM", "localita": "VIA F.LLI GRIMM 11", "numero_col": "2", "numero_pdr": "4", "infra": "AC Normal", "progetto": "PROGETTI PRIVATI NUOVA PROCEDURA (dopo 15.10.2018)", "note": "attiva", "ordinanza": "1450/2022", "anno": "2022" }, "geometry": { "type": "Point", "coordinates": [ 9.206038825213929, 45.517844214339853 ] } },
{ "type": "Feature", "properties": { "id_amat": 658, "municipio": "9", "id_sottonil": "31", "id_nil": "14", "nome_nil": "NIGUARDA - CA' GRANDA", "cerchia": "EXTRA-FILOVIARIA", "ambito_id": "43", "ambito_nome": "Zara - Testi", "attuazione": "3", "tipologia": "N", "titolare": "BeCharge", "id_via": "1746", "nome_via": "VIA MAJORANA ETTORE", "localita": "VIA MAJORANA ETTORE", "numero_col": "2", "numero_pdr": "4", "infra": "AC Normal", "progetto": "PROGETTI PRIVATI NUOVA PROCEDURA (dopo 15.10.2018)", "note": "attiva", "ordinanza": "222/2023", "anno": "2023" }, "geometry": { "type": "Point", "coordinates": [ 9.18620037889624, 45.513197403593132 ] } },
{ "type": "Feature", "properties": { "id_amat": 667, "municipio": "9", "id_sottonil": "50", "id_nil": "79", "nome_nil": "DERGANO", "cerchia": "EXTRA-FILOVIARIA", "ambito_id": "42", "ambito_nome": "Intorni Di Stazioni Della Linea Metropolitana M3 Comasina", "attuazione": "3", "tipologia": "N", "titolare": "ENEL X Mobility", "id_via": "1506", "nome_via": "VIA CANNERO", "localita": "VIA CANNERO 10", "numero_col": "1", "numero_pdr": "2", "infra": "AC Normal", "progetto": "PROGETTI PRIVATI NUOVA PROCEDURA (dopo 15.10.2018)", "note": "attiva", "ordinanza": "1550/2023", "anno": "2023" }, "geometry": { "type": "Point", "coordinates": [ 9.181536138468568, 45.504704859177927 ] } },
{ "type": "Feature", "properties": { "id_amat": 668, "municipio": "1", "id_sottonil": "35", "id_nil": "1", "nome_nil": "DUOMO", "cerchia": "BASTIONI", "ambito_id": "1", "ambito_nome": "Centro storico", "attuazione": "3", "tipologia": "F", "titolare": "BeCharge", "id_via": "345", "nome_via": "PIAZZETTA GIORDANO UMBERTO", "localita": "PIAZZETTA GIORDANO UMBERTO 4", "numero_col": "1", "numero_pdr": "2", "infra": "AC-DC Fast", "progetto": "PROGETTI PRIVATI NUOVA PROCEDURA (dopo 15.10.2018)", "note": "attiva", "ordinanza": "812/2023", "anno": "2023" }, "geometry": { "type": "Point", "coordinates": [ 9.198653362867695, 45.466341050334108 ] } },
{ "type": "Feature", "properties": { "id_amat": 670, "municipio": "1", "id_sottonil": "35", "id_nil": "1", "nome_nil": "DUOMO", "cerchia": "BASTIONI", "ambito_id": "1", "ambito_nome": "Centro storico", "attuazione": "3", "tipologia": "N", "titolare": "A2A Energy Solutions", "id_via": "318", "nome_via": "VIA LARGA", "localita": "VIA LARGA 7", "numero_col": "1", "numero_pdr": "2", "infra": "AC Normal", "progetto": "Aggiornamento ordinanza sosta veicoli in ricarica in via Larga", "note": "attiva", "ordinanza": "966/2022", "anno": "2022" }, "geometry": { "type": "Point", "coordinates": [ 9.193460947371397, 45.462103193886144 ] } },
{ "type": "Feature", "properties": { "id_amat": 671, "municipio": "1", "id_sottonil": "35", "id_nil": "1", "nome_nil": "DUOMO", "cerchia": "BASTIONI", "ambito_id": "1", "ambito_nome": "Centro storico", "attuazione": "3", "tipologia": "N", "titolare": "A2A Energy Solutions", "id_via": "630", "nome_via": "VIA SANTA MARIA FULCORINA", "localita": "VIA SANTA MARIA FULCORINA 1", "numero_col": "1", "numero_pdr": "2", "infra": "AC Normal", "progetto": "PROGETTI PRIVATI NUOVA PROCEDURA (dopo 15.10.2018)", "note": "attiva", "ordinanza": "200/2024", "anno": "2024" }, "geometry": { "type": "Point", "coordinates": [ 9.183630154508011, 45.463680921638897 ] } },
{ "type": "Feature", "properties": { "id_amat": 672, "municipio": "1", "id_sottonil": "34", "id_nil": "2", "nome_nil": "BRERA", "cerchia": "BASTIONI", "ambito_id": "3", "ambito_nome": "Garibaldi", "attuazione": "3", "tipologia": "N", "titolare": "A2A Energy Solutions", "id_via": "1044", "nome_via": "CORSO DI PORTA NUOVA", "localita": "CORSO DI PORTA NUOVA 20", "numero_col": "1", "numero_pdr": "2", "infra": "AC Normal", "progetto": "PROGETTI PRIVATI NUOVA PROCEDURA (dopo 15.10.2018)", "note": "attiva", "ordinanza": "324/2024", "anno": "2024" }, "geometry": { "type": "Point", "coordinates": [ 9.191659402682207, 45.474783695448757 ] } },
{ "type": "Feature", "properties": { "id_amat": 674, "municipio": "1", "id_sottonil": "37", "id_nil": "7", "nome_nil": "MAGENTA - S. VITTORE", "cerchia": "BASTIONI", "ambito_id": "7", "ambito_nome": "Magenta - San Vittore", "attuazione": "3", "tipologia": "N", "titolare": "A2A Energy Solutions", "id_via": "6216", "nome_via": "VIA ZENALE BERNARDINO", "localita": "VIA ZENALE BERNARDINO 19", "numero_col": "1", "numero_pdr": "2", "infra": "AC Normal", "progetto": "PROGETTI PRIVATI NUOVA PROCEDURA (dopo 15.10.2018)", "note": "attiva", "ordinanza": "142/2024", "anno": "2024" }, "geometry": { "type": "Point", "coordinates": [ 9.169754552091307, 45.463746675517662 ] } },
{ "type": "Feature", "properties": { "id_amat": 675, "municipio": "1", "id_sottonil": "34", "id_nil": "2", "nome_nil": "BRERA", "cerchia": "BASTIONI", "ambito_id": "3", "ambito_nome": "Garibaldi", "attuazione": "3", "tipologia": "N", "titolare": "A2A Energy Solutions", "id_via": "1029", "nome_via": "VIA STATUTO", "localita": "VIA STATUTO 8", "numero_col": "1", "numero_pdr": "2", "infra": "AC Normal", "progetto": "PROGETTI PRIVATI NUOVA PROCEDURA (dopo 15.10.2018)", "note": "attiva", "ordinanza": "1394/2023", "anno": "2023" }, "geometry": { "type": "Point", "coordinates": [ 9.186087808569818, 45.476170545389778 ] } },
{ "type": "Feature", "properties": { "id_amat": 676, "municipio": "1", "id_sottonil": "34", "id_nil": "2", "nome_nil": "BRERA", "cerchia": "BASTIONI", "ambito_id": "3", "ambito_nome": "Garibaldi", "attuazione": "3", "tipologia": "N", "titolare": "A2A Energy Solutions", "id_via": "1060", "nome_via": "VIA TARCHETTI UGO IGINIO", "localita": "VIA TARCHETTI UGO IGINIO 5", "numero_col": "1", "numero_pdr": "2", "infra": "AC Normal", "progetto": "PROGETTI PRIVATI NUOVA PROCEDURA (dopo 15.10.2018)", "note": "attiva", "ordinanza": "1376/2023", "anno": "2023" }, "geometry": { "type": "Point", "coordinates": [ 9.197246631166953, 45.476813557498545 ] } },
{ "type": "Feature", "properties": { "id_amat": 678, "municipio": "2", "id_sottonil": "88", "id_nil": "10", "nome_nil": "CENTRALE", "cerchia": "FILOVIARIA", "ambito_id": "12", "ambito_nome": "Lazzaretto - Buenos Aires", "attuazione": "3", "tipologia": "N", "titolare": "A2A Energy Solutions", "id_via": "2133", "nome_via": "VIA MACCHI MAURO", "localita": "VIA MACCHI MAURO-Via Pergolesi", "numero_col": "1", "numero_pdr": "2", "infra": "AC Normal", "progetto": "PROGETTI PRIVATI NUOVA PROCEDURA (dopo 15.10.2018)", "note": "attiva", "ordinanza": "972/2023", "anno": "2023" }, "geometry": { "type": "Point", "coordinates": [ 9.209019279323307, 45.485979169484864 ] } },
{ "type": "Feature", "properties": { "id_amat": 680, "municipio": "4", "id_sottonil": "78", "id_nil": "27", "nome_nil": "PORTA ROMANA", "cerchia": "FILOVIARIA", "ambito_id": "16", "ambito_nome": "Libia", "attuazione": "3", "tipologia": "N", "titolare": "A2A Energy Solutions", "id_via": "4079", "nome_via": "VIA FERRINI CONTARDO", "localita": "VIA FERRINI CONTARDO 23", "numero_col": "1", "numero_pdr": "2", "infra": "AC Normal", "progetto": "PROGETTI PRIVATI NUOVA PROCEDURA (dopo 15.10.2018)", "note": "attiva", "ordinanza": "278/2024", "anno": "2024" }, "geometry": { "type": "Point", "coordinates": [ 9.213625194901972, 45.452125262519175 ] } },
{ "type": "Feature", "properties": { "id_amat": 681, "municipio": "4", "id_sottonil": "25", "id_nil": "28", "nome_nil": "UMBRIA - MOLISE", "cerchia": "EXTRA-FILOVIARIA", "ambito_id": "17", "ambito_nome": "Martini", "attuazione": "3", "tipologia": "N", "titolare": "A2A Energy Solutions", "id_via": "3213", "nome_via": "VIA GREPPI MARCO", "localita": "VIA GREPPI MARCO 4", "numero_col": "1", "numero_pdr": "2", "infra": "AC Normal", "progetto": "PROGETTI PRIVATI NUOVA PROCEDURA (dopo 15.10.2018)", "note": "attiva", "ordinanza": "1501/2024", "anno": "2024" }, "geometry": { "type": "Point", "coordinates": [ 9.21809158037426, 45.45687459661842 ] } },
{ "type": "Feature", "properties": { "id_amat": 682, "municipio": "4", "id_sottonil": "25", "id_nil": "28", "nome_nil": "UMBRIA - MOLISE", "cerchia": "EXTRA-FILOVIARIA", "ambito_id": "17", "ambito_nome": "Martini", "attuazione": "3", "tipologia": "F", "titolare": "A2A Energy Solutions", "id_via": "4094", "nome_via": "VIA TERTULLIANO", "localita": "VIA TERTULLIANO 8", "numero_col": "1", "numero_pdr": "2", "infra": "AC-DC Fast", "progetto": "PROGETTI PRIVATI NUOVA PROCEDURA (dopo 15.10.2018)", "note": "attiva", "ordinanza": "1240/2024", "anno": "2024" }, "geometry": { "type": "Point", "coordinates": [ 9.214513732579167, 45.450211176820744 ] } },
{ "type": "Feature", "properties": { "id_amat": 683, "municipio": "4", "id_sottonil": "5", "id_nil": "29", "nome_nil": "ORTOMERCATO", "cerchia": "EXTRA-FILOVIARIA", "ambito_id": "31", "ambito_nome": "Argonne", "attuazione": "3", "tipologia": "F", "titolare": "A2A Energy Solutions", "id_via": "3178", "nome_via": "VIALE MOLISE", "localita": "VIALE MOLISE 62", "numero_col": "1", "numero_pdr": "2", "infra": "AC-DC Fast", "progetto": "PROGETTI PRIVATI NUOVA PROCEDURA (dopo 15.10.2018)", "note": "attiva", "ordinanza": "810/2023", "anno": "2023" }, "geometry": { "type": "Point", "coordinates": [ 9.224262068617794, 45.456843592877767 ] } },
{ "type": "Feature", "properties": { "id_amat": 686, "municipio": "5", "id_sottonil": "91", "id_nil": "6", "nome_nil": "TICINESE", "cerchia": "FILOVIARIA", "ambito_id": "19", "ambito_nome": "Liguria - Romolo", "attuazione": "3", "tipologia": "F", "titolare": "A2A Energy Solutions", "id_via": "5259", "nome_via": "VIA BORROMINI FRANCESCO", "localita": "VIA BORROMINI FRANCESCO 6", "numero_col": "1", "numero_pdr": "2", "infra": "AC-DC Fast", "progetto": "PROGETTI PRIVATI NUOVA PROCEDURA (dopo 15.10.2018)", "note": "attiva", "ordinanza": "201/2024", "anno": "2024" }, "geometry": { "type": "Point", "coordinates": [ 9.179849122491316, 45.44491912637023 ] } },
{ "type": "Feature", "properties": { "id_amat": 688, "municipio": "6", "id_sottonil": "74", "id_nil": "51", "nome_nil": "WASHINGTON", "cerchia": "FILOVIARIA", "ambito_id": "21", "ambito_nome": "Washington", "attuazione": "3", "tipologia": "N", "titolare": "A2A Energy Solutions", "id_via": "6118", "nome_via": "VIA FRA BARTOLOMEO", "localita": "VIA FRA BARTOLOMEO 18", "numero_col": "1", "numero_pdr": "2", "infra": "AC Normal", "progetto": "PROGETTI PRIVATI NUOVA PROCEDURA (dopo 15.10.2018)", "note": "attiva", "ordinanza": "250/2024", "anno": "2024" }, "geometry": { "type": "Point", "coordinates": [ 9.151840294097703, 45.457205177333663 ] } },
{ "type": "Feature", "properties": { "id_amat": 690, "municipio": "6", "id_sottonil": "75", "id_nil": "52", "nome_nil": "BANDE NERE", "cerchia": "EXTRA-FILOVIARIA", "ambito_id": "36", "ambito_nome": "Bisceglie", "attuazione": "3", "tipologia": "N", "titolare": "A2A Energy Solutions", "id_via": "6613", "nome_via": "VIALE SAN GIMIGNANO", "localita": "VIALE SAN GIMIGNANO 14", "numero_col": "1", "numero_pdr": "2", "infra": "AC Normal", "progetto": "PROGETTI PRIVATI NUOVA PROCEDURA (dopo 15.10.2018)", "note": "attiva", "ordinanza": "1766/2023", "anno": "2023" }, "geometry": { "type": "Point", "coordinates": [ 9.136597251571301, 45.45733211921268 ] } },
{ "type": "Feature", "properties": { "id_amat": 691, "municipio": "6", "id_sottonil": "13", "id_nil": "53", "nome_nil": "LORENTEGGIO", "cerchia": "EXTRA-FILOVIARIA", "ambito_id": "36", "ambito_nome": "Bisceglie", "attuazione": "3", "tipologia": "N", "titolare": "A2A Energy Solutions", "id_via": "6805", "nome_via": "VIA DEL LUCARINO", "localita": "VIA DEL LUCARINO 4", "numero_col": "1", "numero_pdr": "2", "infra": "AC Normal", "progetto": "PROGETTI PRIVATI NUOVA PROCEDURA (dopo 15.10.2018)", "note": "attiva", "ordinanza": "232/2024", "anno": "2024" }, "geometry": { "type": "Point", "coordinates": [ 9.124450660057727, 45.450678305738748 ] } },
{ "type": "Feature", "properties": { "id_amat": 692, "municipio": "9", "id_sottonil": "71", "id_nil": "11", "nome_nil": "ISOLA", "cerchia": "FILOVIARIA", "ambito_id": "10", "ambito_nome": "Farini", "attuazione": "3", "tipologia": "N", "titolare": "A2A Energy Solutions", "id_via": "1186", "nome_via": "VIA ARESE FRANCESCO", "localita": "VIA ARESE FRANCESCO 3", "numero_col": "1", "numero_pdr": "2", "infra": "AC Normal", "progetto": "PROGETTI PRIVATI NUOVA PROCEDURA (dopo 15.10.2018)", "note": "attiva_1) dalle 06.00 alle 19.30 i veicoli in fase di ricarica; 2) dalle 19.30 alle 06.00 i veicoli in fase di ricarica autorizzati ad accedere alla ZTL ", "ordinanza": "1735/2023", "anno": "2023" }, "geometry": { "type": "Point", "coordinates": [ 9.191775684898438, 45.491678806243605 ] } },
{ "type": "Feature", "properties": { "id_amat": 693, "municipio": "6", "id_sottonil": "14", "id_nil": "49", "nome_nil": "GIAMBELLINO", "cerchia": "EXTRA-FILOVIARIA", "ambito_id": null, "ambito_nome": null, "attuazione": "3", "tipologia": "N", "titolare": "A2A Energy Solutions", "id_via": "5387", "nome_via": "VIA BELLINI GENTILE", "localita": "VIA BELLINI GENTILE 4", "numero_col": "1", "numero_pdr": "2", "infra": "AC Normal", "progetto": "PROGETTI PRIVATI NUOVA PROCEDURA (dopo 15.10.2018)", "note": "attiva", "ordinanza": "648/2024", "anno": "2024" }, "geometry": { "type": "Point", "coordinates": [ 9.143262407103023, 45.450190259816075 ] } },
{ "type": "Feature", "properties": { "id_amat": 694, "municipio": "6", "id_sottonil": "14", "id_nil": "49", "nome_nil": "GIAMBELLINO", "cerchia": "EXTRA-FILOVIARIA", "ambito_id": null, "ambito_nome": null, "attuazione": "3", "tipologia": "F", "titolare": "A2A Energy Solutions", "id_via": "5134", "nome_via": "VIA VIGNOLI TITO", "localita": "VIA VIGNOLI TITO 5", "numero_col": "1", "numero_pdr": "2", "infra": "AC-DC Fast", "progetto": "PROGETTI PRIVATI NUOVA PROCEDURA (dopo 15.10.2018)", "note": "attiva", "ordinanza": "203/2024", "anno": "2024" }, "geometry": { "type": "Point", "coordinates": [ 9.148876444037789, 45.450052925893921 ] } },
{ "type": "Feature", "properties": { "id_amat": 695, "municipio": "6", "id_sottonil": "58", "id_nil": "50", "nome_nil": "TORTONA", "cerchia": "FILOVIARIA", "ambito_id": "20", "ambito_nome": "Solari - Bergognone", "attuazione": "3", "tipologia": "N", "titolare": "A2A Energy Solutions", "id_via": "6102", "nome_via": "PIAZZA BAZZI GIOVANNI ANTONIO", "localita": "PIAZZA BAZZI GIOVANNI ANTONIO-VIA Cola di Rienzo", "numero_col": "1", "numero_pdr": "2", "infra": "AC Normal", "progetto": "PROGETTI PRIVATI NUOVA PROCEDURA (dopo 15.10.2018)", "note": "attiva", "ordinanza": "502/2024", "anno": "2024" }, "geometry": { "type": "Point", "coordinates": [ 9.16121215849043, 45.456713747035941 ] } },
{ "type": "Feature", "properties": { "id_amat": 697, "municipio": "7", "id_sottonil": "73", "id_nil": "58", "nome_nil": "DE ANGELI - MONTE ROSA", "cerchia": "FILOVIARIA", "ambito_id": "2", "ambito_nome": "Fiera", "attuazione": "3", "tipologia": "N", "titolare": "A2A Energy Solutions", "id_via": "6384", "nome_via": "VIA PREVIATI GAETANO", "localita": "VIA PREVIATI GAETANO 38", "numero_col": "1", "numero_pdr": "2", "infra": "AC Normal", "progetto": "PROGETTI PRIVATI NUOVA PROCEDURA (dopo 15.10.2018)", "note": "attiva", "ordinanza": "1608/2023", "anno": "2023" }, "geometry": { "type": "Point", "coordinates": [ 9.148132515011895, 45.470986819523539 ] } },
{ "type": "Feature", "properties": { "id_amat": 700, "municipio": "7", "id_sottonil": "12", "id_nil": "61", "nome_nil": "QUARTO CAGNINO", "cerchia": "EXTRA-FILOVIARIA", "ambito_id": "8", "ambito_nome": "San Siro", "attuazione": "3", "tipologia": "N", "titolare": "A2A Energy Solutions", "id_via": "6082", "nome_via": "VIA MARX CARLO", "localita": "VIA MARX CARLO 36", "numero_col": "1", "numero_pdr": "2", "infra": "AC Normal", "progetto": "PROGETTI PRIVATI NUOVA PROCEDURA (dopo 15.10.2018)", "note": "attiva", "ordinanza": "141/2024", "anno": "2024" }, "geometry": { "type": "Point", "coordinates": [ 9.110741654155689, 45.473925341741335 ] } },
{ "type": "Feature", "properties": { "id_amat": 704, "municipio": "1", "id_sottonil": "33", "id_nil": "4", "nome_nil": "GUASTALLA", "cerchia": "BASTIONI", "ambito_id": "5", "ambito_nome": "Romana - Vittoria", "attuazione": "3", "tipologia": "N", "titolare": "THEF CHARGING", "id_via": "3054", "nome_via": "VIA MANARA LUCIANO", "localita": "VIA MANARA LUCIANO 17", "numero_col": "1", "numero_pdr": "2", "infra": "AC Normal", "progetto": "PROGETTI PRIVATI NUOVA PROCEDURA (dopo 15.10.2018)", "note": "attiva", "ordinanza": "572/2024", "anno": "2024" }, "geometry": { "type": "Point", "coordinates": [ 9.202630704670218, 45.460335806218495 ] } },
{ "type": "Feature", "properties": { "id_amat": 706, "municipio": "1", "id_sottonil": "34", "id_nil": "2", "nome_nil": "BRERA", "cerchia": "BASTIONI", "ambito_id": "1", "ambito_nome": "Centro storico", "attuazione": "3", "tipologia": "N", "titolare": "THEF CHARGING", "id_via": "141", "nome_via": "VIA DEI GIARDINI", "localita": "VIA DEI GIARDINI 10", "numero_col": "1", "numero_pdr": "2", "infra": "AC Normal", "progetto": "PROGETTI PRIVATI NUOVA PROCEDURA (dopo 15.10.2018)", "note": "attiva", "ordinanza": "647/2024", "anno": "2024" }, "geometry": { "type": "Point", "coordinates": [ 9.192794283909267, 45.471272910133258 ] } },
{ "type": "Feature", "properties": { "id_amat": 711, "municipio": "1", "id_sottonil": "33", "id_nil": "4", "nome_nil": "GUASTALLA", "cerchia": "BASTIONI", "ambito_id": "5", "ambito_nome": "Romana - Vittoria", "attuazione": "3", "tipologia": "F", "titolare": "BeCharge", "id_via": "3055", "nome_via": "VIA PODGORA", "localita": "VIA PODGORA 15", "numero_col": "1", "numero_pdr": "2", "infra": "AC-DC Fast", "progetto": "PROGETTI PRIVATI NUOVA PROCEDURA (dopo 15.10.2018)", "note": "attiva_revoca_1249/2023", "ordinanza": "1398/2023", "anno": "2023" }, "geometry": { "type": "Point", "coordinates": [ 9.203269745556915, 45.461616344235274 ] } },
{ "type": "Feature", "properties": { "id_amat": 715, "municipio": "1", "id_sottonil": "90", "id_nil": "5", "nome_nil": "VIGENTINA", "cerchia": "BASTIONI", "ambito_id": "6", "ambito_nome": "Ticinese - Vigentina", "attuazione": "3", "tipologia": "N", "titolare": "BeCharge", "id_via": "4029", "nome_via": "VIA GUBBIO", "localita": "VIA GUBBIO 10", "numero_col": "2", "numero_pdr": "4", "infra": "AC Normal", "progetto": "PROGETTI PRIVATI NUOVA PROCEDURA (dopo 15.10.2018)", "note": "attiva", "ordinanza": "770/2023", "anno": "2023" }, "geometry": { "type": "Point", "coordinates": [ 9.199256261012859, 45.45279303553734 ] } },
{ "type": "Feature", "properties": { "id_amat": 716, "municipio": "1", "id_sottonil": "37", "id_nil": "7", "nome_nil": "MAGENTA - S. VITTORE", "cerchia": "BASTIONI", "ambito_id": "7", "ambito_nome": "Magenta - San Vittore", "attuazione": "3", "tipologia": "N", "titolare": "BeCharge", "id_via": "6154", "nome_via": "VIA PANZACCHI ENRICO", "localita": "VIA PANZACCHI ENRICO 4/6", "numero_col": "2", "numero_pdr": "4", "infra": "AC Normal", "progetto": "PROGETTI PRIVATI NUOVA PROCEDURA (dopo 15.10.2018)", "note": "attiva", "ordinanza": "1734/2023", "anno": "2023" }, "geometry": { "type": "Point", "coordinates": [ 9.174249050003288, 45.465128840333335 ] } },
{ "type": "Feature", "properties": { "id_amat": 722, "municipio": "1", "id_sottonil": "33", "id_nil": "4", "nome_nil": "GUASTALLA", "cerchia": "BASTIONI", "ambito_id": "5", "ambito_nome": "Romana - Vittoria", "attuazione": "3", "tipologia": "N", "titolare": "BeCharge", "id_via": "3025", "nome_via": "VIA RESPIGHI OTTORINO", "localita": "VIA RESPIGHI OTTORINO 1", "numero_col": "1", "numero_pdr": "2", "infra": "AC Normal", "progetto": "PROGETTI PRIVATI NUOVA PROCEDURA (dopo 15.10.2018)", "note": "attiva", "ordinanza": "17/2024", "anno": "2024" }, "geometry": { "type": "Point", "coordinates": [ 9.202645338705771, 45.462657306040484 ] } },
{ "type": "Feature", "properties": { "id_amat": 725, "municipio": "5", "id_sottonil": "36", "id_nil": "36", "nome_nil": "SCALO ROMANA", "cerchia": "EXTRA-FILOVIARIA", "ambito_id": "35", "ambito_nome": "San Donato", "attuazione": "3", "tipologia": "F", "titolare": "BeCharge", "id_via": "4139", "nome_via": "VIA CALABIANA ARCIVESCOVO", "localita": "VIA CALABIANA ARCIVESCOVO 3", "numero_col": "1", "numero_pdr": "2", "infra": "AC-DC Fast", "progetto": "PROGETTI PRIVATI NUOVA PROCEDURA (dopo 15.10.2018)", "note": "attiva", "ordinanza": "667/2024", "anno": "2024" }, "geometry": { "type": "Point", "coordinates": [ 9.208769084835348, 45.443967333916042 ] } },
{ "type": "Feature", "properties": { "id_amat": 730, "municipio": "5", "id_sottonil": "32", "id_nil": "42", "nome_nil": "STADERA", "cerchia": "EXTRA-FILOVIARIA", "ambito_id": "25", "ambito_nome": "Abbiategrasso", "attuazione": "3", "tipologia": "N", "titolare": "ENEL X Mobility", "id_via": "5327", "nome_via": "VIA AGILULFO", "localita": "VIA AGILULFO 2", "numero_col": "1", "numero_pdr": "2", "infra": "AC Normal", "progetto": "PROGETTI PRIVATI NUOVA PROCEDURA (dopo 15.10.2018)", "note": "attiva", "ordinanza": "1761/2023", "anno": "2023" }, "geometry": { "type": "Point", "coordinates": [ 9.174623098168603, 45.434814001542939 ] } },
{ "type": "Feature", "properties": { "id_amat": 743, "municipio": "6", "id_sottonil": "13", "id_nil": "53", "nome_nil": "LORENTEGGIO", "cerchia": "EXTRA-FILOVIARIA", "ambito_id": "36", "ambito_nome": "Bisceglie", "attuazione": "3", "tipologia": "N", "titolare": "BeCharge", "id_via": "6718", "nome_via": "VIA DEGLI ANEMONI", "localita": "VIA DEGLI ANEMONI 10", "numero_col": "1", "numero_pdr": "2", "infra": "AC Normal", "progetto": "PROGETTI PRIVATI NUOVA PROCEDURA (dopo 15.10.2018)", "note": "attiva", "ordinanza": "769/2023", "anno": "2023" }, "geometry": { "type": "Point", "coordinates": [ 9.129069340888384, 45.454416958660815 ] } },
{ "type": "Feature", "properties": { "id_amat": 747, "municipio": "6", "id_sottonil": "74", "id_nil": "51", "nome_nil": "WASHINGTON", "cerchia": "FILOVIARIA", "ambito_id": "21", "ambito_nome": "Washington", "attuazione": "3", "tipologia": "N", "titolare": "BeCharge", "id_via": "6119", "nome_via": "VIA GARIAN", "localita": "VIA GARIAN 57", "numero_col": "2", "numero_pdr": "4", "infra": "AC Normal", "progetto": "PROGETTI PRIVATI NUOVA PROCEDURA (dopo 15.10.2018)", "note": "attiva", "ordinanza": "665/2024", "anno": "2024" }, "geometry": { "type": "Point", "coordinates": [ 9.151284702104762, 45.458262456366519 ] } },
{ "type": "Feature", "properties": { "id_amat": 748, "municipio": "6", "id_sottonil": "75", "id_nil": "52", "nome_nil": "BANDE NERE", "cerchia": "EXTRA-FILOVIARIA", "ambito_id": "36", "ambito_nome": "Bisceglie", "attuazione": "3", "tipologia": "F", "titolare": "BeCharge", "id_via": "6674", "nome_via": "VIA ARZAGA", "localita": "VIA ARZAGA 15", "numero_col": "1", "numero_pdr": "2", "infra": "AC-DC Fast", "progetto": "PROGETTI PRIVATI NUOVA PROCEDURA (dopo 15.10.2018)", "note": "attiva", "ordinanza": "830/2023", "anno": "2023" }, "geometry": { "type": "Point", "coordinates": [ 9.13531980377855, 45.456071347955039 ] } },
{ "type": "Feature", "properties": { "id_amat": 763, "municipio": "7", "id_sottonil": "81", "id_nil": "68", "nome_nil": "PAGANO", "cerchia": "FILOVIARIA", "ambito_id": "2", "ambito_nome": "Fiera", "attuazione": "3", "tipologia": "N", "titolare": "BeCharge", "id_via": "6192", "nome_via": "VIA CHERUBINI FRANCESCO", "localita": "VIA CHERUBINI FRANCESCO", "numero_col": "2", "numero_pdr": "4", "infra": "AC Normal", "progetto": "PROGETTI PRIVATI NUOVA PROCEDURA (dopo 15.10.2018)", "note": "attiva_revoca_947/2023", "ordinanza": "1646/2023", "anno": "2023" }, "geometry": { "type": "Point", "coordinates": [ 9.159496249164834, 45.466920711632497 ] } },
{ "type": "Feature", "properties": { "id_amat": 766, "municipio": "7", "id_sottonil": "73", "id_nil": "58", "nome_nil": "DE ANGELI - MONTE ROSA", "cerchia": "FILOVIARIA", "ambito_id": "2", "ambito_nome": "Fiera", "attuazione": "3", "tipologia": "N", "titolare": "BeCharge", "id_via": "6385", "nome_via": "VIA BIANCHI MOSE'", "localita": "VIA BIANCHI MOSE' 38", "numero_col": "1", "numero_pdr": "2", "infra": "AC Normal", "progetto": "PROGETTI PRIVATI NUOVA PROCEDURA (dopo 15.10.2018)", "note": "attiva", "ordinanza": "478/2024", "anno": "2024" }, "geometry": { "type": "Point", "coordinates": [ 9.148594410348338, 45.473074112933944 ] } },
{ "type": "Feature", "properties": { "id_amat": 767, "municipio": "7", "id_sottonil": "74", "id_nil": "51", "nome_nil": "WASHINGTON", "cerchia": "FILOVIARIA", "ambito_id": "21", "ambito_nome": "Washington", "attuazione": "3", "tipologia": "NF", "titolare": "BeCharge", "id_via": "6199", "nome_via": "VIA CAPRERA", "localita": "VIA CAPRERA 4", "numero_col": "2", "numero_pdr": "4", "infra": "AC Normal-AC-DC Fast ", "progetto": "PROGETTI PRIVATI NUOVA PROCEDURA (dopo 15.10.2018)", "note": "attiva", "ordinanza": "710/2024", "anno": "2024" }, "geometry": { "type": "Point", "coordinates": [ 9.161358209084048, 45.459754422589214 ] } },
{ "type": "Feature", "properties": { "id_amat": 768, "municipio": "7", "id_sottonil": "73", "id_nil": "58", "nome_nil": "DE ANGELI - MONTE ROSA", "cerchia": "FILOVIARIA", "ambito_id": "2", "ambito_nome": "Fiera", "attuazione": "3", "tipologia": "F", "titolare": "BeCharge", "id_via": "6289", "nome_via": "VIA MARIO ALBERTO", "localita": "VIA MARIO ALBERTO 6", "numero_col": "1", "numero_pdr": "2", "infra": "AC-DC Fast", "progetto": "PROGETTI PRIVATI NUOVA PROCEDURA (dopo 15.10.2018)", "note": "attiva", "ordinanza": "772/2023", "anno": "2023" }, "geometry": { "type": "Point", "coordinates": [ 9.151877778177843, 45.472117727958775 ] } },
{ "type": "Feature", "properties": { "id_amat": 769, "municipio": "7", "id_sottonil": "73", "id_nil": "58", "nome_nil": "DE ANGELI - MONTE ROSA", "cerchia": "FILOVIARIA", "ambito_id": "2", "ambito_nome": "Fiera", "attuazione": "3", "tipologia": "N", "titolare": "BeCharge", "id_via": "6284", "nome_via": "VIA COLONNA VITTORIA", "localita": "VIA COLONNA VITTORIA 39", "numero_col": "2", "numero_pdr": "4", "infra": "AC Normal", "progetto": "PROGETTI PRIVATI NUOVA PROCEDURA (dopo 15.10.2018)", "note": "attiva", "ordinanza": "1007/2024", "anno": "2024" }, "geometry": { "type": "Point", "coordinates": [ 9.151136183857455, 45.468839157290873 ] } },
{ "type": "Feature", "properties": { "id_amat": 770, "municipio": "7", "id_sottonil": "74", "id_nil": "51", "nome_nil": "WASHINGTON", "cerchia": "FILOVIARIA", "ambito_id": "21", "ambito_nome": "Washington", "attuazione": "3", "tipologia": "N", "titolare": "BeCharge", "id_via": "6235", "nome_via": "VIA EGADI", "localita": "VIA EGADI 2", "numero_col": "1", "numero_pdr": "2", "infra": "AC Normal", "progetto": "PROGETTI PRIVATI NUOVA PROCEDURA (dopo 15.10.2018)", "note": "attiva", "ordinanza": "771/2023", "anno": "2023" }, "geometry": { "type": "Point", "coordinates": [ 9.158756246804609, 45.460143898059329 ] } },
{ "type": "Feature", "properties": { "id_amat": 776, "municipio": "7", "id_sottonil": "73", "id_nil": "58", "nome_nil": "DE ANGELI - MONTE ROSA", "cerchia": "FILOVIARIA", "ambito_id": "2", "ambito_nome": "Fiera", "attuazione": "3", "tipologia": "N", "titolare": "ENEL X Mobility", "id_via": "6384", "nome_via": "VIA PREVIATI GAETANO", "localita": "VIA PREVIATI GAETANO 14", "numero_col": "1", "numero_pdr": "2", "infra": "AC Normal", "progetto": "PROGETTI PRIVATI NUOVA PROCEDURA (dopo 15.10.2018)", "note": "attiva", "ordinanza": "1551/2023", "anno": "2023" }, "geometry": { "type": "Point", "coordinates": [ 9.150038868428492, 45.472131889935604 ] } },
{ "type": "Feature", "properties": { "id_amat": 778, "municipio": "7", "id_sottonil": "73", "id_nil": "58", "nome_nil": "DE ANGELI - MONTE ROSA", "cerchia": "FILOVIARIA", "ambito_id": "2", "ambito_nome": "Fiera", "attuazione": "3", "tipologia": "N", "titolare": "ENEL X Mobility", "id_via": "6542", "nome_via": "VIA GHIBERTI LORENZO", "localita": "VIA GHIBERTI LORENZO 34", "numero_col": "1", "numero_pdr": "2", "infra": "AC Normal", "progetto": "PROGETTI PRIVATI NUOVA PROCEDURA (dopo 15.10.2018)", "note": "attiva", "ordinanza": "1749/2023", "anno": "2023" }, "geometry": { "type": "Point", "coordinates": [ 9.144284893886043, 45.474135950461346 ] } },
{ "type": "Feature", "properties": { "id_amat": 788, "municipio": "8", "id_sottonil": "73", "id_nil": "58", "nome_nil": "DE ANGELI - MONTE ROSA", "cerchia": "FILOVIARIA", "ambito_id": "2", "ambito_nome": "Fiera", "attuazione": "3", "tipologia": "NF", "titolare": "BeCharge", "id_via": "6393", "nome_via": "VIA MONTE LEONE", "localita": "VIA MONTE LEONE 2", "numero_col": "2", "numero_pdr": "4", "infra": "AC Normal-AC-DC Fast ", "progetto": "PROGETTI PRIVATI NUOVA PROCEDURA (dopo 15.10.2018)", "note": "attiva_revoca_768/2023", "ordinanza": "1005/2024", "anno": "2023" }, "geometry": { "type": "Point", "coordinates": [ 9.150937501108968, 45.475509177201296 ] } },
{ "type": "Feature", "properties": { "id_amat": 789, "municipio": "8", "id_sottonil": "55", "id_nil": "59", "nome_nil": "TRE TORRI", "cerchia": "FILOVIARIA", "ambito_id": "2", "ambito_nome": "Fiera", "attuazione": "3", "tipologia": "N", "titolare": "BeCharge", "id_via": "6370", "nome_via": "VIA VEGEZIO FLAVIO", "localita": "VIA VEGEZIO FLAVIO 19", "numero_col": "2", "numero_pdr": "4", "infra": "AC Normal", "progetto": "PROGETTI PRIVATI NUOVA PROCEDURA (dopo 15.10.2018)", "note": "attiva", "ordinanza": "1015/2024", "anno": "2024" }, "geometry": { "type": "Point", "coordinates": [ 9.153903879906435, 45.475200179881682 ] } },
{ "type": "Feature", "properties": { "id_amat": 791, "municipio": "8", "id_sottonil": "54", "id_nil": "67", "nome_nil": "PORTELLO", "cerchia": "FILOVIARIA", "ambito_id": "2", "ambito_nome": "Fiera", "attuazione": "3", "tipologia": "N", "titolare": "BeCharge", "id_via": "7244", "nome_via": "VIA SAVONAROLA FRA GEROLAMO", "localita": "VIA SAVONAROLA FRA GEROLAMO 4", "numero_col": "1", "numero_pdr": "2", "infra": "AC Normal", "progetto": "PROGETTI PRIVATI NUOVA PROCEDURA (dopo 15.10.2018)", "note": "attiva", "ordinanza": "773/2023", "anno": "2023" }, "geometry": { "type": "Point", "coordinates": [ 9.161793919538932, 45.483113087807453 ] } },
{ "type": "Feature", "properties": { "id_amat": 800, "municipio": "9", "id_sottonil": "50", "id_nil": "79", "nome_nil": "DERGANO", "cerchia": "EXTRA-FILOVIARIA", "ambito_id": "42", "ambito_nome": "Intorni Di Stazioni Della Linea Metropolitana M3 Comasina", "attuazione": "3", "tipologia": "NF", "titolare": "BeCharge", "id_via": "3207", "nome_via": "VIA PAVONI LODOVICO", "localita": "VIA PAVONI LODOVICO 10", "numero_col": "2", "numero_pdr": "4", "infra": "AC Normal-AC-DC Fast ", "progetto": "PROGETTI PRIVATI NUOVA PROCEDURA (dopo 15.10.2018)", "note": "attiva", "ordinanza": "687/2023", "anno": "2023" }, "geometry": { "type": "Point", "coordinates": [ 9.186197417037963, 45.501315108206782 ] } },
{ "type": "Feature", "properties": { "id_amat": 801, "municipio": "9", "id_sottonil": "71", "id_nil": "11", "nome_nil": "ISOLA", "cerchia": "FILOVIARIA", "ambito_id": "9", "ambito_nome": "Centro Direzionale", "attuazione": "3", "tipologia": "N", "titolare": "BeCharge", "id_via": "1125", "nome_via": "VIA CONFALONIERI FEDERICO", "localita": "VIA CONFALONIERI FEDERICO 2", "numero_col": "2", "numero_pdr": "4", "infra": "AC Normal", "progetto": "PROGETTI PRIVATI NUOVA PROCEDURA (dopo 15.10.2018)", "note": "attiva", "ordinanza": "122/2024", "anno": "2024" }, "geometry": { "type": "Point", "coordinates": [ 9.188822607210042, 45.486348119263589 ] } },
{ "type": "Feature", "properties": { "id_amat": 802, "municipio": "9", "id_sottonil": "50", "id_nil": "79", "nome_nil": "DERGANO", "cerchia": "EXTRA-FILOVIARIA", "ambito_id": "42", "ambito_nome": "Intorni Di Stazioni Della Linea Metropolitana M3 Comasina", "attuazione": "3", "tipologia": "NF", "titolare": "BeCharge", "id_via": "1506", "nome_via": "VIA CANNERO", "localita": "VIA CANNERO 2", "numero_col": "2", "numero_pdr": "4", "infra": "AC Normal-AC-DC Fast ", "progetto": "PROGETTI PRIVATI NUOVA PROCEDURA (dopo 15.10.2018)", "note": "attiva", "ordinanza": "828/2023 ", "anno": "2023" }, "geometry": { "type": "Point", "coordinates": [ 9.1805994673452, 45.504607292313231 ] } },
{ "type": "Feature", "properties": { "id_amat": 803, "municipio": "9", "id_sottonil": "71", "id_nil": "11", "nome_nil": "ISOLA", "cerchia": "FILOVIARIA", "ambito_id": "10", "ambito_nome": "Farini", "attuazione": "3", "tipologia": "F", "titolare": "BeCharge", "id_via": "1320", "nome_via": "VIA BASSI PAOLO", "localita": "VIA BASSI PAOLO 3", "numero_col": "1", "numero_pdr": "2", "infra": "AC-DC Fast", "progetto": "PROGETTI PRIVATI NUOVA PROCEDURA (dopo 15.10.2018)", "note": "attiva", "ordinanza": "952/2023", "anno": "2023" }, "geometry": { "type": "Point", "coordinates": [ 9.188321787974759, 45.49453384621772 ] } },
{ "type": "Feature", "properties": { "id_amat": 805, "municipio": "9", "id_sottonil": "71", "id_nil": "11", "nome_nil": "ISOLA", "cerchia": "FILOVIARIA", "ambito_id": "10", "ambito_nome": "Farini", "attuazione": "3", "tipologia": "NF", "titolare": "BeCharge", "id_via": "1171", "nome_via": "VIA LARIO", "localita": "VIA LARIO 39", "numero_col": "2", "numero_pdr": "4", "infra": "AC Normal-AC-DC Fast ", "progetto": "PROGETTI PRIVATI NUOVA PROCEDURA (dopo 15.10.2018)", "note": "attiva", "ordinanza": "971/2023", "anno": "2023" }, "geometry": { "type": "Point", "coordinates": [ 9.191258450844028, 45.494533863765412 ] } },
{ "type": "Feature", "properties": { "id_amat": 808, "municipio": "9", "id_sottonil": "20", "id_nil": "80", "nome_nil": "AFFORI", "cerchia": "EXTRA-FILOVIARIA", "ambito_id": "42", "ambito_nome": "Intorni Di Stazioni Della Linea Metropolitana M3 Comasina", "attuazione": "3", "tipologia": "F", "titolare": "Duferco Energia", "id_via": "1478", "nome_via": "VIA GRIOLI DON GIOVANNI", "localita": "VIA GRIOLI DON GIOVANNI 6 (parking)", "numero_col": "1", "numero_pdr": "2", "infra": "AC-DC Fast", "progetto": "PROGETTI PRIVATI NUOVA PROCEDURA (dopo 15.10.2018)", "note": "attiva", "ordinanza": "666/2024", "anno": "2024" }, "geometry": { "type": "Point", "coordinates": [ 9.173771186342131, 45.513457842836758 ] } },
{ "type": "Feature", "properties": { "id_amat": 813, "municipio": "9", "id_sottonil": "52", "id_nil": "15", "nome_nil": "BICOCCA", "cerchia": "EXTRA-FILOVIARIA", "ambito_id": "43", "ambito_nome": "Zara - Testi", "attuazione": "3", "tipologia": "N", "titolare": "ENEL X Mobility", "id_via": "1732", "nome_via": "VIA TEMOLO LIBERO", "localita": "VIA TEMOLO LIBERO 5", "numero_col": "1", "numero_pdr": "2", "infra": "AC Normal", "progetto": "PROGETTI PRIVATI NUOVA PROCEDURA (dopo 15.10.2018)", "note": "attiva", "ordinanza": "1251/2023", "anno": "2023" }, "geometry": { "type": "Point", "coordinates": [ 9.209849490552413, 45.511787103461309 ] } },
{ "type": "Feature", "properties": { "id_amat": 826, "municipio": "9", "id_sottonil": "49", "id_nil": "77", "nome_nil": "BOVISA", "cerchia": "EXTRA-FILOVIARIA", "ambito_id": "42", "ambito_nome": "Intorni Di Stazioni Della Linea Metropolitana M3 Comasina", "attuazione": "3", "tipologia": "N", "titolare": "THEF CHARGING", "id_via": "1464", "nome_via": "VIA COSENZ ENRICO", "localita": "VIA COSENZ ENRICO 54", "numero_col": "1", "numero_pdr": "2", "infra": "AC Normal", "progetto": "PROGETTI PRIVATI NUOVA PROCEDURA (dopo 15.10.2018)", "note": "attiva", "ordinanza": "600/2024", "anno": "2024" }, "geometry": { "type": "Point", "coordinates": [ 9.162043504946009, 45.50711011267142 ] } },
{ "type": "Feature", "properties": { "id_amat": 831, "municipio": "9", "id_sottonil": "52", "id_nil": "15", "nome_nil": "BICOCCA", "cerchia": "EXTRA-FILOVIARIA", "ambito_id": "43", "ambito_nome": "Zara - Testi", "attuazione": "3", "tipologia": "N", "titolare": "Atlante", "id_via": "1732", "nome_via": "VIA TEMOLO LIBERO", "localita": "VIA TEMOLO LIBERO 3", "numero_col": "1", "numero_pdr": "2", "infra": "AC Normal", "progetto": "PROGETTI PRIVATI NUOVA PROCEDURA (dopo 15.10.2018)", "note": "attiva", "ordinanza": "622/2024", "anno": "2024" }, "geometry": { "type": "Point", "coordinates": [ 9.209896451058428, 45.5116347591444 ] } },
{ "type": "Feature", "properties": { "id_amat": 832, "municipio": "8", "id_sottonil": "81", "id_nil": "68", "nome_nil": "PAGANO", "cerchia": "FILOVIARIA", "ambito_id": "2", "ambito_nome": "Fiera", "attuazione": "3", "tipologia": "N", "titolare": "Atlante", "id_via": "7137", "nome_via": "CORSO SEMPIONE", "localita": "CORSO SEMPIONE 17", "numero_col": "1", "numero_pdr": "2", "infra": "AC Normal", "progetto": "PROGETTI PRIVATI NUOVA PROCEDURA (dopo 15.10.2018)", "note": "attiva", "ordinanza": "704/2024", "anno": "2024" }, "geometry": { "type": "Point", "coordinates": [ 9.168014867116764, 45.478485704819384 ] } },
{ "type": "Feature", "properties": { "id_amat": 838, "municipio": "1", "id_sottonil": "72", "id_nil": "69", "nome_nil": "SARPI", "cerchia": "FILOVIARIA", "ambito_id": "22", "ambito_nome": "Sarpi", "attuazione": "3", "tipologia": "N", "titolare": "ENEL X Mobility", "id_via": "7127", "nome_via": "VIA GIUSTI GIUSEPPE", "localita": "VIA GIUSTI GIUSEPPE 34", "numero_col": "1", "numero_pdr": "2", "infra": "AC Normal", "progetto": "PROGETTI PRIVATI NUOVA PROCEDURA (dopo 15.10.2018)", "note": "attiva", "ordinanza": "1535/2023", "anno": "2023" }, "geometry": { "type": "Point", "coordinates": [ 9.174739602758649, 45.479884130982285 ] } },
{ "type": "Feature", "properties": { "id_amat": 839, "municipio": "1", "id_sottonil": "33", "id_nil": "4", "nome_nil": "GUASTALLA", "cerchia": "BASTIONI", "ambito_id": "4", "ambito_nome": "Venezia", "attuazione": "3", "tipologia": "N", "titolare": "ENEL X Mobility", "id_via": "3044", "nome_via": "VIA MAFFEI CLARA", "localita": "VIA MAFFEI CLARA 2", "numero_col": "1", "numero_pdr": "2", "infra": "AC Normal", "progetto": "PROGETTI PRIVATI NUOVA PROCEDURA (dopo 15.10.2018)", "note": "attiva", "ordinanza": "1475/2023", "anno": "2023" }, "geometry": { "type": "Point", "coordinates": [ 9.201423774299782, 45.469334374468545 ] } },
{ "type": "Feature", "properties": { "id_amat": 842, "municipio": "1", "id_sottonil": "33", "id_nil": "4", "nome_nil": "GUASTALLA", "cerchia": "BASTIONI", "ambito_id": "4", "ambito_nome": "Venezia", "attuazione": "3", "tipologia": "N", "titolare": "ENEL X Mobility", "id_via": "238", "nome_via": "CORSO VENEZIA", "localita": "CORSO VENEZIA 46", "numero_col": "1", "numero_pdr": "2", "infra": "AC Normal", "progetto": "PROGETTI PRIVATI NUOVA PROCEDURA (dopo 15.10.2018)", "note": "attiva", "ordinanza": "1227/2023", "anno": "2023" }, "geometry": { "type": "Point", "coordinates": [ 9.20340127202865, 45.472645926375939 ] } },
{ "type": "Feature", "properties": { "id_amat": 849, "municipio": "2", "id_sottonil": "88", "id_nil": "10", "nome_nil": "CENTRALE", "cerchia": "FILOVIARIA", "ambito_id": "11", "ambito_nome": "Sondrio", "attuazione": "3", "tipologia": "N", "titolare": "Atlante", "id_via": "1213", "nome_via": "VIA TONALE", "localita": "VIA TONALE 2", "numero_col": "1", "numero_pdr": "2", "infra": "AC Normal", "progetto": "PROGETTI PRIVATI NUOVA PROCEDURA (dopo 15.10.2018)", "note": "attiva", "ordinanza": "773/2024", "anno": "2024" }, "geometry": { "type": "Point", "coordinates": [ 9.204465801875902, 45.488145554737997 ] } },
{ "type": "Feature", "properties": { "id_amat": 853, "municipio": "2", "id_sottonil": "67", "id_nil": "16", "nome_nil": "VIALE MONZA", "cerchia": "EXTRA-FILOVIARIA", "ambito_id": null, "ambito_nome": null, "attuazione": "3", "tipologia": "N", "titolare": "BeCharge", "id_via": "2456", "nome_via": "VIA STEFANARDO DA VIMERCATE", "localita": "VIA STEFANARDO DA VIMERCATE 33", "numero_col": "1", "numero_pdr": "2", "infra": "AC Normal", "progetto": "PROGETTI PRIVATI NUOVA PROCEDURA (dopo 15.10.2018)", "note": "attiva", "ordinanza": "825/2023", "anno": "2023" }, "geometry": { "type": "Point", "coordinates": [ 9.2293959357681, 45.506979390113571 ] } },
{ "type": "Feature", "properties": { "id_amat": 869, "municipio": "3", "id_sottonil": "69", "id_nil": "20", "nome_nil": "LORETO", "cerchia": "EXTRA-FILOVIARIA", "ambito_id": "30", "ambito_nome": "Monza", "attuazione": "3", "tipologia": "N", "titolare": "BeCharge", "id_via": "2270", "nome_via": "PIAZZA DURANTE FRANCESCO", "localita": "PIAZZA DURANTE FRANCESCO 2", "numero_col": "2", "numero_pdr": "4", "infra": "AC Normal", "progetto": "PROGETTI PRIVATI NUOVA PROCEDURA (dopo 15.10.2018)", "note": "attiva", "ordinanza": "829/2023", "anno": "2023" }, "geometry": { "type": "Point", "coordinates": [ 9.222676199186141, 45.488677966811764 ] } },
{ "type": "Feature", "properties": { "id_amat": 871, "municipio": "3", "id_sottonil": "28", "id_nil": "22", "nome_nil": "CITTA' STUDI", "cerchia": "EXTRA-FILOVIARIA", "ambito_id": "31", "ambito_nome": "Argonne", "attuazione": "3", "tipologia": "N", "titolare": "BeCharge", "id_via": "3205", "nome_via": "VIA RENI GUIDO", "localita": "VIA RENI GUIDO 14", "numero_col": "2", "numero_pdr": "4", "infra": "AC Normal", "progetto": "PROGETTI PRIVATI NUOVA PROCEDURA (dopo 15.10.2018)", "note": "attiva", "ordinanza": "724/2024", "anno": "2024" }, "geometry": { "type": "Point", "coordinates": [ 9.225882939576382, 45.471126284603407 ] } },
{ "type": "Feature", "properties": { "id_amat": 873, "municipio": "4", "id_sottonil": "27", "id_nil": "25", "nome_nil": "CORSICA", "cerchia": "EXTRA-FILOVIARIA", "ambito_id": "31", "ambito_nome": "Argonne", "attuazione": "3", "tipologia": "N", "titolare": "BeCharge", "id_via": "3259", "nome_via": "VIA LONGHI GIUSEPPE", "localita": "VIA LONGHI GIUSEPPE 1", "numero_col": "2", "numero_pdr": "4", "infra": "AC Normal", "progetto": "PROGETTI PRIVATI NUOVA PROCEDURA (dopo 15.10.2018)", "note": "attiva", "ordinanza": "1285/2024", "anno": "2024" }, "geometry": { "type": "Point", "coordinates": [ 9.224963212082109, 45.460901267568836 ] } },
{ "type": "Feature", "properties": { "id_amat": 878, "municipio": "4", "id_sottonil": "25", "id_nil": "28", "nome_nil": "UMBRIA - MOLISE", "cerchia": "EXTRA-FILOVIARIA", "ambito_id": "17", "ambito_nome": "Martini", "attuazione": "3", "tipologia": "NF", "titolare": "BeCharge", "id_via": "4091", "nome_via": "VIA LATTANZIO", "localita": "VIA LATTANZIO 2", "numero_col": "2", "numero_pdr": "4", "infra": "AC Normal-AC-DC Fast", "progetto": "PROGETTI PRIVATI NUOVA PROCEDURA (dopo 15.10.2018)", "note": "attiva", "ordinanza": "482/2024", "anno": "2024" }, "geometry": { "type": "Point", "coordinates": [ 9.213425815724705, 45.448389228221558 ] } },
{ "type": "Feature", "properties": { "id_amat": 885, "municipio": "4", "id_sottonil": "64", "id_nil": "33", "nome_nil": "ROGOREDO", "cerchia": "EXTRA-FILOVIARIA", "ambito_id": "35", "ambito_nome": "San Donato", "attuazione": "3", "tipologia": "F", "titolare": "Duferco Energia", "id_via": "4373", "nome_via": "VIA ROGOREDO", "localita": "VIA ROGOREDO 49", "numero_col": "1", "numero_pdr": "2", "infra": "AC-DC Fast", "progetto": "PROGETTI PRIVATI NUOVA PROCEDURA (dopo 15.10.2018)", "note": "attiva", "ordinanza": "664/2024", "anno": "2024" }, "geometry": { "type": "Point", "coordinates": [ 9.244412178307012, 45.430824079282253 ] } },
{ "type": "Feature", "properties": { "id_amat": 886, "municipio": "4", "id_sottonil": "27", "id_nil": "25", "nome_nil": "CORSICA", "cerchia": "EXTRA-FILOVIARIA", "ambito_id": "31", "ambito_nome": "Argonne", "attuazione": "3", "tipologia": "N", "titolare": "ENEL X Mobility", "id_via": "3279", "nome_via": "VIA NEGROLI", "localita": "VIA NEGROLI 45", "numero_col": "1", "numero_pdr": "2", "infra": "AC Normal", "progetto": "PROGETTI PRIVATI NUOVA PROCEDURA (dopo 15.10.2018)", "note": "attiva", "ordinanza": "1757/2023", "anno": "2023" }, "geometry": { "type": "Point", "coordinates": [ 9.232407342750674, 45.466685560531836 ] } },
{ "type": "Feature", "properties": { "id_amat": 899, "municipio": "3", "id_sottonil": "28", "id_nil": "22", "nome_nil": "CITTA' STUDI", "cerchia": "EXTRA-FILOVIARIA", "ambito_id": "31", "ambito_nome": "Argonne", "attuazione": "3", "tipologia": "F", "titolare": "Jam-M", "id_via": "2678", "nome_via": "VIA CORTI ALFONSO", "localita": "VIA CORTI ALFONSO 12", "numero_col": "1", "numero_pdr": "2", "infra": "AC-DC Fast", "progetto": "PROGETTI PRIVATI NUOVA PROCEDURA (dopo 15.10.2018)", "note": "attiva", "ordinanza": "533/2024", "anno": "2024" }, "geometry": { "type": "Point", "coordinates": [ 9.23106197879053, 45.480568354007652 ] } },
{ "type": "Feature", "properties": { "id_amat": 902, "municipio": "4", "id_sottonil": "83", "id_nil": "26", "nome_nil": "XXII MARZO", "cerchia": "EXTRA-FILOVIARIA", "ambito_id": "15", "ambito_nome": "Novelli", "attuazione": "3", "tipologia": "F", "titolare": "Atlante", "id_via": "3114", "nome_via": "VIALE PICENO", "localita": "VIALE PICENO 2", "numero_col": "1", "numero_pdr": "2", "infra": "AC-DC Fast", "progetto": "PROGETTI PRIVATI NUOVA PROCEDURA (dopo 15.10.2018)", "note": "attiva", "ordinanza": "772/2024", "anno": "2024" }, "geometry": { "type": "Point", "coordinates": [ 9.217592986875724, 45.463001534249933 ] } },
{ "type": "Feature", "properties": { "id_amat": 904, "municipio": "4", "id_sottonil": "25", "id_nil": "28", "nome_nil": "UMBRIA - MOLISE", "cerchia": "EXTRA-FILOVIARIA", "ambito_id": "17", "ambito_nome": "Martini", "attuazione": "3", "tipologia": "F", "titolare": "Atlante", "id_via": "4381", "nome_via": "VIA MAGISTRI GIOVANNI BALILLA", "localita": "VIA MAGISTRI GIOVANNI BALILLA 3", "numero_col": "1", "numero_pdr": "2", "infra": "AC-DC Fast", "progetto": "PROGETTI PRIVATI NUOVA PROCEDURA (dopo 15.10.2018)", "note": "attiva", "ordinanza": "1499/2024", "anno": "2024" }, "geometry": { "type": "Point", "coordinates": [ 9.21364474000673, 45.447922608640006 ] } },
{ "type": "Feature", "properties": { "id_amat": 911, "municipio": "1", "id_sottonil": "90", "id_nil": "5", "nome_nil": "VIGENTINA", "cerchia": "BASTIONI", "ambito_id": "6", "ambito_nome": "Ticinese - Vigentina", "attuazione": "3", "tipologia": "F", "titolare": "A2A Energy Solutions", "id_via": "4030", "nome_via": "VIA CABRINI MADRE", "localita": "VIA CABRINI MADRE 10", "numero_col": "1", "numero_pdr": "2", "infra": "AC-DC Fast", "progetto": "PROGETTI PRIVATI NUOVA PROCEDURA (dopo 15.10.2018)", "note": "attiva", "ordinanza": "1475/2024", "anno": "2024" }, "geometry": { "type": "Point", "coordinates": [ 9.198942287598378, 45.452359247835979 ] } },
{ "type": "Feature", "properties": { "id_amat": 919, "municipio": "1", "id_sottonil": "37", "id_nil": "7", "nome_nil": "MAGENTA - S. VITTORE", "cerchia": "BASTIONI", "ambito_id": "7", "ambito_nome": "Magenta - San Vittore", "attuazione": "3", "tipologia": "NF", "titolare": "BeCharge", "id_via": "6156", "nome_via": "VIA LEOPARDI GIACOMO", "localita": "VIA LEOPARDI GIACOMO 2", "numero_col": "2", "numero_pdr": "4", "infra": "AC Normal-AC-DC Fast", "progetto": "PROGETTI PRIVATI NUOVA PROCEDURA (dopo 15.10.2018)", "note": "attiva", "ordinanza": "1658/2023", "anno": "2023" }, "geometry": { "type": "Point", "coordinates": [ 9.175874876422577, 45.467193168999906 ] } },
{ "type": "Feature", "properties": { "id_amat": 932, "municipio": "1", "id_sottonil": "34", "id_nil": "2", "nome_nil": "BRERA", "cerchia": "BASTIONI", "ambito_id": "3", "ambito_nome": "Garibaldi", "attuazione": "3", "tipologia": "N", "titolare": "ENEL X Mobility", "id_via": "1067", "nome_via": "PIAZZA PAOLO VI", "localita": "PIAZZA PAOLO VI-VIA San Simpliciano", "numero_col": "1", "numero_pdr": "2", "infra": "AC Normal", "progetto": "PROGETTI PRIVATI NUOVA PROCEDURA (dopo 15.10.2018)", "note": "attiva", "ordinanza": "1260/2023", "anno": "2023" }, "geometry": { "type": "Point", "coordinates": [ 9.18436791900705, 45.473458161120483 ] } },
{ "type": "Feature", "properties": { "id_amat": 944, "municipio": "2", "id_sottonil": "21", "id_nil": "19", "nome_nil": "PADOVA", "cerchia": "EXTRA-FILOVIARIA", "ambito_id": "30", "ambito_nome": "Monza", "attuazione": "3", "tipologia": "N", "titolare": "A2A Energy Solutions", "id_via": "2320", "nome_via": "VIA PETROCCHI POLICARPO", "localita": "VIA PETROCCHI POLICARPO 44", "numero_col": "1", "numero_pdr": "2", "infra": "AC Normal", "progetto": "PROGETTI PRIVATI NUOVA PROCEDURA (dopo 15.10.2018)", "note": "attiva", "ordinanza": "180/2024", "anno": "2024" }, "geometry": { "type": "Point", "coordinates": [ 9.226821754849281, 45.502937329717255 ] } },
{ "type": "Feature", "properties": { "id_amat": 951, "municipio": "2", "id_sottonil": "69", "id_nil": "20", "nome_nil": "LORETO", "cerchia": "EXTRA-FILOVIARIA", "ambito_id": "31", "ambito_nome": "Argonne", "attuazione": "3", "tipologia": "F", "titolare": "Fastway ", "id_via": "2391", "nome_via": "PIAZZA SIRE RAUL", "localita": "PIAZZA SIRE RAUL 3", "numero_col": "1", "numero_pdr": "2", "infra": "AC-DC Fast", "progetto": "PROGETTI PRIVATI NUOVA PROCEDURA (dopo 15.10.2018)", "note": "attiva", "ordinanza": "78/2024", "anno": "2024" }, "geometry": { "type": "Point", "coordinates": [ 9.22986404914322, 45.49256234392638 ] } },
{ "type": "Feature", "properties": { "id_amat": 952, "municipio": "2", "id_sottonil": "93", "id_nil": "12", "nome_nil": "MACIACHINI - MAGGIOLINA", "cerchia": "EXTRA-FILOVIARIA", "ambito_id": "43", "ambito_nome": "Zara - Testi", "attuazione": "3", "tipologia": "F", "titolare": "Fastway ", "id_via": "1381", "nome_via": "VIA INTRA", "localita": "VIA INTRA fronte civico 1", "numero_col": "1", "numero_pdr": "2", "infra": "AC-DC Fast", "progetto": "PROGETTI PRIVATI NUOVA PROCEDURA (dopo 15.10.2018)", "note": "attiva", "ordinanza": "1612/2023", "anno": "2023" }, "geometry": { "type": "Point", "coordinates": [ 9.199043263603963, 45.501587345070568 ] } },
{ "type": "Feature", "properties": { "id_amat": 957, "municipio": "3", "id_sottonil": "86", "id_nil": "21", "nome_nil": "BUENOS AIRES - VENEZIA", "cerchia": "FILOVIARIA", "ambito_id": "12", "ambito_nome": "Lazzaretto - Buenos Aires", "attuazione": "3", "tipologia": "F", "titolare": "A2A Energy Solutions", "id_via": "2138", "nome_via": "VIA GAFFURIO FRANCHINO", "localita": "VIA GAFFURIO FRANCHINO-PIAZZA Caiazzo", "numero_col": "1", "numero_pdr": "2", "infra": "AC-DC Fast", "progetto": "PROGETTI PRIVATI NUOVA PROCEDURA (dopo 15.10.2018)", "note": "attiva", "ordinanza": "1466/2024", "anno": "2024" }, "geometry": { "type": "Point", "coordinates": [ 9.209819174546203, 45.484882358989559 ] } },
{ "type": "Feature", "properties": { "id_amat": 958, "municipio": "3", "id_sottonil": "28", "id_nil": "22", "nome_nil": "CITTA' STUDI", "cerchia": "EXTRA-FILOVIARIA", "ambito_id": "31", "ambito_nome": "Argonne", "attuazione": "3", "tipologia": "N", "titolare": "A2A Energy Solutions", "id_via": "3202", "nome_via": "VIA MANGIAGALLI LUIGI", "localita": "VIA MANGIAGALLI LUIGI 10", "numero_col": "1", "numero_pdr": "2", "infra": "AC Normal", "progetto": "PROGETTI PRIVATI NUOVA PROCEDURA (dopo 15.10.2018)", "note": "attiva_revoca_1377/2023", "ordinanza": "1411/2023", "anno": "2023" }, "geometry": { "type": "Point", "coordinates": [ 9.224454115378919, 45.474177140159043 ] } },
{ "type": "Feature", "properties": { "id_amat": 960, "municipio": "3", "id_sottonil": "86", "id_nil": "21", "nome_nil": "BUENOS AIRES - VENEZIA", "cerchia": "FILOVIARIA", "ambito_id": "13", "ambito_nome": "Buenos Aires - Bacone", "attuazione": "3", "tipologia": "N", "titolare": "A2A Energy Solutions", "id_via": "2163", "nome_via": "VIA STOPPANI ANTONIO", "localita": "VIA STOPPANI ANTONIO 7", "numero_col": "1", "numero_pdr": "2", "infra": "AC Normal", "progetto": "PROGETTI PRIVATI NUOVA PROCEDURA (dopo 15.10.2018)", "note": "attiva", "ordinanza": "1717/2023", "anno": "2023" }, "geometry": { "type": "Point", "coordinates": [ 9.212573023037816, 45.475664984519597 ] } },
{ "type": "Feature", "properties": { "id_amat": 961, "municipio": "3", "id_sottonil": "69", "id_nil": "20", "nome_nil": "LORETO", "cerchia": "EXTRA-FILOVIARIA", "ambito_id": "31", "ambito_nome": "Argonne", "attuazione": "3", "tipologia": "N", "titolare": "BeCharge", "id_via": "2552", "nome_via": "VIA CAMBIASI POMPEO", "localita": "VIA CAMBIASI POMPEO 1", "numero_col": "2", "numero_pdr": "4", "infra": "AC Normal", "progetto": "PROGETTI PRIVATI NUOVA PROCEDURA (dopo 15.10.2018)", "note": "attiva", "ordinanza": "73/2024", "anno": "2024" }, "geometry": { "type": "Point", "coordinates": [ 9.230157738100633, 45.489948314000806 ] } },
{ "type": "Feature", "properties": { "id_amat": 962, "municipio": "3", "id_sottonil": "86", "id_nil": "21", "nome_nil": "BUENOS AIRES - VENEZIA", "cerchia": "FILOVIARIA", "ambito_id": "14", "ambito_nome": "Piave - Bixio", "attuazione": "3", "tipologia": "N", "titolare": "BeCharge", "id_via": "3181", "nome_via": "VIA POERIO CARLO", "localita": "VIA POERIO CARLO 29", "numero_col": "1", "numero_pdr": "2", "infra": "AC Normal", "progetto": "PROGETTI PRIVATI NUOVA PROCEDURA (dopo 15.10.2018)", "note": "attiva_revoca_564/2024", "ordinanza": "771/2024", "anno": "2024" }, "geometry": { "type": "Point", "coordinates": [ 9.210124969348721, 45.470968786525354 ] } },
{ "type": "Feature", "properties": { "id_amat": 968, "municipio": "3", "id_sottonil": "28", "id_nil": "22", "nome_nil": "CITTA' STUDI", "cerchia": "EXTRA-FILOVIARIA", "ambito_id": "31", "ambito_nome": "Argonne", "attuazione": "3", "tipologia": "F", "titolare": "Fastway ", "id_via": "3102", "nome_via": "VIALE ROMAGNA", "localita": "VIALE ROMAGNA 26", "numero_col": "1", "numero_pdr": "2", "infra": "AC-DC Fast", "progetto": "PROGETTI PRIVATI NUOVA PROCEDURA (dopo 15.10.2018)", "note": "attiva", "ordinanza": "534/2024", "anno": "2024" }, "geometry": { "type": "Point", "coordinates": [ 9.224046287793369, 45.472390669376814 ] } },
{ "type": "Feature", "properties": { "id_amat": 972, "municipio": "4", "id_sottonil": "39", "id_nil": "35", "nome_nil": "LODI - CORVETTO", "cerchia": "EXTRA-FILOVIARIA", "ambito_id": "35", "ambito_nome": "San Donato", "attuazione": "3", "tipologia": "N", "titolare": "A2A Energy Solutions", "id_via": "4181", "nome_via": "VIA F.LLI ROSSELLI", "localita": "VIA F.LLI ROSSELLI fronte civico 20", "numero_col": "1", "numero_pdr": "2", "infra": "AC Normal", "progetto": "PROGETTI PRIVATI NUOVA PROCEDURA (dopo 15.10.2018)", "note": "attiva", "ordinanza": "1397/2023", "anno": "2023" }, "geometry": { "type": "Point", "coordinates": [ 9.227321981331214, 45.441312567037578 ] } },
{ "type": "Feature", "properties": { "id_amat": 981, "municipio": "4", "id_sottonil": "27", "id_nil": "25", "nome_nil": "CORSICA", "cerchia": "EXTRA-FILOVIARIA", "ambito_id": "31", "ambito_nome": "Argonne", "attuazione": "3", "tipologia": "F", "titolare": "Fastway ", "id_via": "3299", "nome_via": "LARGO PORTO DI CLASSE", "localita": "LARGO PORTO DI CLASSE 6", "numero_col": "1", "numero_pdr": "2", "infra": "AC-DC Fast", "progetto": "PROGETTI PRIVATI NUOVA PROCEDURA (dopo 15.10.2018)", "note": "attiva", "ordinanza": "532/2024", "anno": "2024" }, "geometry": { "type": "Point", "coordinates": [ 9.229946553759508, 45.467359702860762 ] } },
{ "type": "Feature", "properties": { "id_amat": 982, "municipio": "4", "id_sottonil": "84", "id_nil": "26", "nome_nil": "XXII MARZO", "cerchia": "FILOVIARIA", "ambito_id": "14", "ambito_nome": "Piave - Bixio", "attuazione": "3", "tipologia": "F", "titolare": "Fastway ", "id_via": "3113", "nome_via": "PIAZZA EMILIA", "localita": "PIAZZA EMILIA fronte civico 1", "numero_col": "1", "numero_pdr": "2", "infra": "AC-DC Fast", "progetto": "PROGETTI PRIVATI NUOVA PROCEDURA (dopo 15.10.2018)", "note": "attiva", "ordinanza": "481/2024", "anno": "2024" }, "geometry": { "type": "Point", "coordinates": [ 9.21621601369548, 45.462442879915244 ] } },
{ "type": "Feature", "properties": { "id_amat": 984, "municipio": "5", "id_sottonil": "22", "id_nil": "37", "nome_nil": "EX OM - MORIVIONE", "cerchia": "EXTRA-FILOVIARIA", "ambito_id": null, "ambito_nome": null, "attuazione": "3", "tipologia": "F", "titolare": "A2A Energy Solutions", "id_via": "4236", "nome_via": "VIA BIONDELLI BERNARDINO", "localita": "VIA BIONDELLI BERNARDINO 5", "numero_col": "1", "numero_pdr": "2", "infra": "AC-DC Fast", "progetto": "PROGETTI PRIVATI NUOVA PROCEDURA (dopo 15.10.2018)", "note": "attiva", "ordinanza": "1396/2023", "anno": "2023" }, "geometry": { "type": "Point", "coordinates": [ 9.188616769576985, 45.440185348389953 ] } },
{ "type": "Feature", "properties": { "id_amat": 998, "municipio": "6", "id_sottonil": "13", "id_nil": "53", "nome_nil": "LORENTEGGIO", "cerchia": "EXTRA-FILOVIARIA", "ambito_id": "36", "ambito_nome": "Bisceglie", "attuazione": "3", "tipologia": "N", "titolare": "PowerPoint City Car", "id_via": "6857", "nome_via": "VIA BENSI GIOVANNI", "localita": "VIA BENSI GIOVANNI 12", "numero_col": "1", "numero_pdr": "2", "infra": "AC Normal", "progetto": "PROGETTI PRIVATI NUOVA PROCEDURA (dopo 15.10.2018)", "note": "attiva_revoca_435/2024_477/2024 ", "ordinanza": "525/2024", "anno": "2024" }, "geometry": { "type": "Point", "coordinates": [ 9.117729695143128, 45.446351456318766 ] } },
{ "type": "Feature", "properties": { "id_amat": 1017, "municipio": "8", "id_sottonil": "81", "id_nil": "68", "nome_nil": "PAGANO", "cerchia": "FILOVIARIA", "ambito_id": "2", "ambito_nome": "Fiera", "attuazione": "3", "tipologia": "N", "titolare": "BeCharge", "id_via": "7150", "nome_via": "VIA FERRUCCI FRANCESCO", "localita": "VIA FERRUCCI FRANCESCO 14", "numero_col": "1", "numero_pdr": "2", "infra": "AC Normal", "progetto": "PROGETTI PRIVATI NUOVA PROCEDURA (dopo 15.10.2018)", "note": "attiva", "ordinanza": "357/2024", "anno": "2024" }, "geometry": { "type": "Point", "coordinates": [ 9.163634936001444, 45.478971535425586 ] } },
{ "type": "Feature", "properties": { "id_amat": 1018, "municipio": "8", "id_sottonil": "10", "id_nil": "70", "nome_nil": "GHISOLFA", "cerchia": "FILOVIARIA", "ambito_id": "23", "ambito_nome": "Sempione - Cenisio", "attuazione": "3", "tipologia": "N", "titolare": "BeCharge", "id_via": "7221", "nome_via": "VIA MAC MAHON", "localita": "VIA MAC MAHON 2", "numero_col": "1", "numero_pdr": "2", "infra": "AC Normal", "progetto": "PROGETTI PRIVATI NUOVA PROCEDURA (dopo 15.10.2018)", "note": "attiva", "ordinanza": "329/2024", "anno": "2024" }, "geometry": { "type": "Point", "coordinates": [ 9.165868445648735, 45.488062647273885 ] } },
{ "type": "Feature", "properties": { "id_amat": 1034, "municipio": "9", "id_sottonil": "93", "id_nil": "12", "nome_nil": "MACIACHINI - MAGGIOLINA", "cerchia": "EXTRA-FILOVIARIA", "ambito_id": "43", "ambito_nome": "Zara - Testi", "attuazione": "3", "tipologia": "F", "titolare": "ENEL X Mobility", "id_via": "1330", "nome_via": "VIA CUFRA", "localita": "VIA CUFRA fronte civico 3", "numero_col": "1", "numero_pdr": "2", "infra": "AC-DC Fast", "progetto": "PROGETTI PRIVATI NUOVA PROCEDURA (dopo 15.10.2018)", "note": "attiva", "ordinanza": "1147/2024", "anno": "2024" }, "geometry": { "type": "Point", "coordinates": [ 9.194502906867402, 45.50183580426696 ] } },
{ "type": "Feature", "properties": { "id_amat": 1040, "municipio": "9", "id_sottonil": "52", "id_nil": "15", "nome_nil": "BICOCCA", "cerchia": "EXTRA-FILOVIARIA", "ambito_id": "43", "ambito_nome": "Zara - Testi", "attuazione": "3", "tipologia": "F", "titolare": "Fastway ", "id_via": "1627", "nome_via": "VIA CHIESE", "localita": "VIA CHIESE fronte civico 1 (parking)", "numero_col": "1", "numero_pdr": "2", "infra": "AC-DC Fast", "progetto": "PROGETTI PRIVATI NUOVA PROCEDURA (dopo 15.10.2018)", "note": "attiva_revoca_1504/2023-1657/2023", "ordinanza": "1694/2023", "anno": "2023" }, "geometry": { "type": "Point", "coordinates": [ 9.218152128439254, 45.520628921659203 ] } },
{ "type": "Feature", "properties": { "id_amat": 1064, "municipio": "1", "id_sottonil": "33", "id_nil": "4", "nome_nil": "GUASTALLA", "cerchia": "BASTIONI", "ambito_id": "5", "ambito_nome": "Romana - Vittoria", "attuazione": "3", "tipologia": "C", "titolare": "A2A Energy Solutions", "id_via": "3054", "nome_via": "VIA MANARA LUCIANO", "localita": "VIA MANARA LUCIANO 1", "numero_col": "7", "numero_pdr": "14", "infra": "AC City Plug", "progetto": "PROGETTO CITY PLUG", "note": "attiva_ricarica diffusa a bassa potenza", "ordinanza": "1709/2023", "anno": "2023" }, "geometry": { "type": "Point", "coordinates": [ 9.20242431196492, 45.461516338497383 ] } },
{ "type": "Feature", "properties": { "id_amat": 1066, "municipio": "6", "id_sottonil": "75", "id_nil": "52", "nome_nil": "BANDE NERE", "cerchia": "EXTRA-FILOVIARIA", "ambito_id": "36", "ambito_nome": "Bisceglie", "attuazione": "3", "tipologia": "C", "titolare": "A2A Energy Solutions", "id_via": "6614", "nome_via": "PIAZZALE GIOVANNI DALLE BANDE NERE", "localita": "PIAZZALE GIOVANNI DALLE BANDE NERE fronte civico 6", "numero_col": "7", "numero_pdr": "14", "infra": "AC City Plug", "progetto": "PROGETTO CITY PLUG", "note": "attiva_ricarica diffusa a bassa potenza", "ordinanza": "116/2024", "anno": "2024" }, "geometry": { "type": "Point", "coordinates": [ 9.137040150740306, 45.462319604556171 ] } },
{ "type": "Feature", "properties": { "id_amat": 1067, "municipio": "9", "id_sottonil": "52", "id_nil": "15", "nome_nil": "BICOCCA", "cerchia": "EXTRA-FILOVIARIA", "ambito_id": "43", "ambito_nome": "Zara - Testi", "attuazione": "3", "tipologia": "C", "titolare": "A2A Energy Solutions", "id_via": "1626", "nome_via": "VIA SAN GLICERIO", "localita": "VIA SAN GLICERIO fronte civico 6", "numero_col": "7", "numero_pdr": "13", "infra": "AC City Plug", "progetto": "PROGETTO CITY PLUG", "note": "attiva", "ordinanza": "276/2024", "anno": "2024" }, "geometry": { "type": "Point", "coordinates": [ 9.208343401370568, 45.518309966096808 ] } },
{ "type": "Feature", "properties": { "id_amat": 1070, "municipio": "2", "id_sottonil": "67", "id_nil": "16", "nome_nil": "VIALE MONZA", "cerchia": "EXTRA-FILOVIARIA", "ambito_id": "30", "ambito_nome": "Monza", "attuazione": "3", "tipologia": "F", "titolare": "ENEL X WAY ITALIA ", "id_via": "2615", "nome_via": "VIA RANZATO VIRGILIO", "localita": "VIA RANZATO VIRGILIO 12", "numero_col": "1", "numero_pdr": "2", "infra": "AC-DC Fast", "progetto": "FINANZIAMENTO PNRR", "note": "attiva", "ordinanza": "1014/2024", "anno": "2024" }, "geometry": { "type": "Point", "coordinates": [ 9.226579076279453, 45.509081395734341 ] } },
{ "type": "Feature", "properties": { "id_amat": 1071, "municipio": "2", "id_sottonil": "67", "id_nil": "16", "nome_nil": "VIALE MONZA", "cerchia": "EXTRA-FILOVIARIA", "ambito_id": "30", "ambito_nome": "Monza", "attuazione": "3", "tipologia": "F", "titolare": "ENEL X WAY ITALIA ", "id_via": "2274", "nome_via": "VIALE MONZA", "localita": "VIALE MONZA 289", "numero_col": "1", "numero_pdr": "2", "infra": "AC-DC Fast", "progetto": "FINANZIAMENTO PNRR", "note": "attiva", "ordinanza": "426/2024", "anno": "2024" }, "geometry": { "type": "Point", "coordinates": [ 9.22522913772568, 45.514789687133835 ] } },
{ "type": "Feature", "properties": { "id_amat": 1072, "municipio": "6", "id_sottonil": "74", "id_nil": "51", "nome_nil": "WASHINGTON", "cerchia": "FILOVIARIA", "ambito_id": "21", "ambito_nome": "Washington", "attuazione": "3", "tipologia": "F", "titolare": "ENEL X WAY ITALIA ", "id_via": "6122", "nome_via": "VIA RONCAGLIA", "localita": "VIA RONCAGLIA 13", "numero_col": "1", "numero_pdr": "2", "infra": "AC-DC Fast", "progetto": "FINANZIAMENTO PNRR", "note": "attiva", "ordinanza": "1006/2024", "anno": "2024" }, "geometry": { "type": "Point", "coordinates": [ 9.152959974091285, 45.458884823674133 ] } },
{ "type": "Feature", "properties": { "id_amat": 1075, "municipio": "6", "id_sottonil": "13", "id_nil": "53", "nome_nil": "LORENTEGGIO", "cerchia": "EXTRA-FILOVIARIA", "ambito_id": "36", "ambito_nome": "Bisceglie", "attuazione": "3", "tipologia": "F", "titolare": "ENEL X WAY ITALIA ", "id_via": "6707", "nome_via": "VIA BISCEGLIE", "localita": "VIA BISCEGLIE 71", "numero_col": "1", "numero_pdr": "2", "infra": "AC-DC Fast", "progetto": "FINANZIAMENTO PNRR", "note": "attiva", "ordinanza": "734/2024", "anno": "2024" }, "geometry": { "type": "Point", "coordinates": [ 9.116476457937981, 45.453273285915557 ] } },
{ "type": "Feature", "properties": { "id_amat": 1076, "municipio": "6", "id_sottonil": "75", "id_nil": "52", "nome_nil": "BANDE NERE", "cerchia": "EXTRA-FILOVIARIA", "ambito_id": "36", "ambito_nome": "Bisceglie", "attuazione": "3", "tipologia": "F", "titolare": "ENEL X WAY ITALIA ", "id_via": "6823", "nome_via": "VIA WINCKELMANN GIOVANNI", "localita": "VIA WINCKELMANN GIOVANNI 1", "numero_col": "1", "numero_pdr": "2", "infra": "AC-DC Fast", "progetto": "FINANZIAMENTO PNRR", "note": "attiva", "ordinanza": "935/2024", "anno": "2024" }, "geometry": { "type": "Point", "coordinates": [ 9.147607779071132, 45.455732808129483 ] } },
{ "type": "Feature", "properties": { "id_amat": 1077, "municipio": "7", "id_sottonil": "45", "id_nil": "63", "nome_nil": "FIGINO", "cerchia": "EXTRA-FILOVIARIA", "ambito_id": null, "ambito_nome": null, "attuazione": "3", "tipologia": "F", "titolare": "ENEL X WAY ITALIA ", "id_via": "6840", "nome_via": "VIA RASARIO GIOVANNI BATTISTA", "localita": "VIA RASARIO GIOVANNI BATTISTA 14", "numero_col": "1", "numero_pdr": "2", "infra": "AC-DC Fast", "progetto": "FINANZIAMENTO PNRR", "note": "attiva", "ordinanza": "356/2024", "anno": "2024" }, "geometry": { "type": "Point", "coordinates": [ 9.075788127607613, 45.491652947167928 ] } },
{ "type": "Feature", "properties": { "id_amat": 1078, "municipio": "7", "id_sottonil": "45", "id_nil": "63", "nome_nil": "FIGINO", "cerchia": "EXTRA-FILOVIARIA", "ambito_id": null, "ambito_nome": null, "attuazione": "3", "tipologia": "F", "titolare": "ENEL X WAY ITALIA ", "id_via": "6840", "nome_via": "VIA RASARIO GIOVANNI BATTISTA", "localita": "VIA RASARIO GIOVANNI BATTISTA 10", "numero_col": "1", "numero_pdr": "2", "infra": "AC-DC Fast", "progetto": "FINANZIAMENTO PNRR", "note": "attiva", "ordinanza": "365/2024", "anno": "2024" }, "geometry": { "type": "Point", "coordinates": [ 9.073561147821515, 45.490951134880646 ] } },
{ "type": "Feature", "properties": { "id_amat": 1079, "municipio": "7", "id_sottonil": "46", "id_nil": "62", "nome_nil": "QUINTO ROMANO", "cerchia": "EXTRA-FILOVIARIA", "ambito_id": null, "ambito_nome": null, "attuazione": "3", "tipologia": "F", "titolare": "ENEL X WAY ITALIA ", "id_via": "6367", "nome_via": "VIA FERRIERI ENZO", "localita": "VIA FERRIERI ENZO 16", "numero_col": "1", "numero_pdr": "2", "infra": "AC-DC Fast", "progetto": "FINANZIAMENTO PNRR", "note": "attiva", "ordinanza": "527/2024", "anno": "2024" }, "geometry": { "type": "Point", "coordinates": [ 9.090848570250262, 45.477625706200371 ] } },
{ "type": "Feature", "properties": { "id_amat": 1081, "municipio": "7", "id_sottonil": "11", "id_nil": "55", "nome_nil": "BAGGIO", "cerchia": "EXTRA-FILOVIARIA", "ambito_id": null, "ambito_nome": null, "attuazione": "3", "tipologia": "F", "titolare": "ENEL X WAY ITALIA ", "id_via": "6700", "nome_via": "VIA BROGGINI BONAVENTURA", "localita": "VIA BROGGINI BONAVENTURA fronte civico 25", "numero_col": "1", "numero_pdr": "2", "infra": "AC-DC Fast", "progetto": "FINANZIAMENTO PNRR", "note": "attiva", "ordinanza": "596/2024", "anno": "2024" }, "geometry": { "type": "Point", "coordinates": [ 9.094589972918895, 45.464642311989834 ] } },
{ "type": "Feature", "properties": { "id_amat": 1082, "municipio": "7", "id_sottonil": "12", "id_nil": "61", "nome_nil": "QUARTO CAGNINO", "cerchia": "EXTRA-FILOVIARIA", "ambito_id": "8", "ambito_nome": "San Siro", "attuazione": "3", "tipologia": "F", "titolare": "ENEL X WAY ITALIA ", "id_via": "6868", "nome_via": "VIA ROSSELLINI ROBERTO", "localita": "VIA ROSSELLINI ROBERTO 2", "numero_col": "1", "numero_pdr": "2", "infra": "AC-DC Fast", "progetto": "FINANZIAMENTO PNRR", "note": "attiva", "ordinanza": "529/2024", "anno": "2024" }, "geometry": { "type": "Point", "coordinates": [ 9.107534067604789, 45.469308176114055 ] } },
{ "type": "Feature", "properties": { "id_amat": 1089, "municipio": "8", "id_sottonil": "8", "id_nil": "65", "nome_nil": "GALLARATESE", "cerchia": "EXTRA-FILOVIARIA", "ambito_id": "34", "ambito_nome": "Molino Dorino", "attuazione": "3", "tipologia": "F", "titolare": "ENEL X WAY ITALIA ", "id_via": "7514", "nome_via": "VIA APPENNINI", "localita": "VIA APPENNINI 145", "numero_col": "1", "numero_pdr": "2", "infra": "AC-DC Fast", "progetto": "FINANZIAMENTO PNRR", "note": "attiva", "ordinanza": "330/2024", "anno": "2024" }, "geometry": { "type": "Point", "coordinates": [ 9.100643974634522, 45.504332203760953 ] } },
{ "type": "Feature", "properties": { "id_amat": 1091, "municipio": "8", "id_sottonil": "43", "id_nil": "64", "nome_nil": "TRENNO", "cerchia": "EXTRA-FILOVIARIA", "ambito_id": "34", "ambito_nome": "Molino Dorino", "attuazione": "3", "tipologia": "F", "titolare": "ENEL X WAY ITALIA ", "id_via": "6746", "nome_via": "VIA ANGIOLETTI GIOVAN BATTISTA", "localita": "VIA ANGIOLETTI GIOVAN BATTISTA-Via Giacomo Balla", "numero_col": "1", "numero_pdr": "2", "infra": "AC-DC Fast", "progetto": "FINANZIAMENTO PNRR", "note": "attiva", "ordinanza": "1141/2024", "anno": "2024" }, "geometry": { "type": "Point", "coordinates": [ 9.103479848407535, 45.49363300608151 ] } },
{ "type": "Feature", "properties": { "id_amat": 1092, "municipio": "8", "id_sottonil": "43", "id_nil": "64", "nome_nil": "TRENNO", "cerchia": "EXTRA-FILOVIARIA", "ambito_id": "34", "ambito_nome": "Molino Dorino", "attuazione": "3", "tipologia": "F", "titolare": "ENEL X WAY ITALIA ", "id_via": "6742", "nome_via": "VIA F.LLI GORLINI", "localita": "VIA F.LLI GORLINI FRONTE CIVICO 7 (parking)", "numero_col": "1", "numero_pdr": "2", "infra": "AC-DC Fast", "progetto": "FINANZIAMENTO PNRR", "note": "attiva", "ordinanza": "528/2024", "anno": "2024" }, "geometry": { "type": "Point", "coordinates": [ 9.101541454518729, 45.489143520649456 ] } },
{ "type": "Feature", "properties": { "id_amat": 1098, "municipio": "4", "id_sottonil": "39", "id_nil": "35", "nome_nil": "LODI - CORVETTO", "cerchia": "EXTRA-FILOVIARIA", "ambito_id": "35", "ambito_nome": "San Donato", "attuazione": "3", "tipologia": "F", "titolare": "NHP", "id_via": "4309", "nome_via": "VIA CASSINIS GIOVANNI BATTISTA", "localita": "VIA CASSINIS GIOVANNI BATTISTA 79", "numero_col": "1", "numero_pdr": "2", "infra": "AC-DC Fast", "progetto": "PROGETTO HORIZON 2020 - SHARING CITIES", "note": "attiva", "ordinanza": "1642/2023", "anno": "2023" }, "geometry": { "type": "Point", "coordinates": [ 9.237675589918153, 45.433688392682093 ] } },
{ "type": "Feature", "properties": { "id_amat": 1099, "municipio": "1", "id_sottonil": "34", "id_nil": "2", "nome_nil": "BRERA", "cerchia": "BASTIONI", "ambito_id": "22", "ambito_nome": "Sarpi", "attuazione": "3", "tipologia": "F", "titolare": "Fastway ", "id_via": "1066", "nome_via": "BASTIONI DI PORTA VOLTA", "localita": "BASTIONI DI PORTA VOLTA 5", "numero_col": "1", "numero_pdr": "2", "infra": "AC-DC Fast", "progetto": "PROGETTI PRIVATI NUOVA PROCEDURA (dopo 15.10.2018)", "note": "attiva", "ordinanza": "999/2024", "anno": "2024" }, "geometry": { "type": "Point", "coordinates": [ 9.182375342762166, 45.480778569734731 ] } },
{ "type": "Feature", "properties": { "id_amat": 1107, "municipio": "3", "id_sottonil": "40", "id_nil": "23", "nome_nil": "LAMBRATE", "cerchia": "EXTRA-FILOVIARIA", "ambito_id": null, "ambito_nome": null, "attuazione": "3", "tipologia": "N", "titolare": "ELECTRIP ITALY ", "id_via": "3228", "nome_via": "VIA AMADEO GIAN ANTONIO", "localita": "VIA AMADEO GIAN ANTONIO 80", "numero_col": "1", "numero_pdr": "2", "infra": "AC Normal", "progetto": "PROGETTI PRIVATI NUOVA PROCEDURA (dopo 15.10.2018)", "note": "attiva", "ordinanza": "1503/2024", "anno": "2024" }, "geometry": { "type": "Point", "coordinates": [ 9.24110354043933, 45.470561659978131 ] } },
{ "type": "Feature", "properties": { "id_amat": 1113, "municipio": "5", "id_sottonil": "89", "id_nil": "5", "nome_nil": "VIGENTINA", "cerchia": "FILOVIARIA", "ambito_id": "18", "ambito_nome": "Bocconi", "attuazione": "3", "tipologia": "N", "titolare": "BeCharge", "id_via": "4050", "nome_via": "VIA BOCCONI FERDINANDO", "localita": "VIA BOCCONI FERDINANDO-VIALE Toscana", "numero_col": "1", "numero_pdr": "2", "infra": "AC Normal", "progetto": "PROGETTI PRIVATI NUOVA PROCEDURA (dopo 15.10.2018)", "note": "attiva", "ordinanza": "1286/2024", "anno": "2024" }, "geometry": { "type": "Point", "coordinates": [ 9.191098057680703, 45.446507074686679 ] } },
{ "type": "Feature", "properties": { "id_amat": 1124, "municipio": "7", "id_sottonil": "76", "id_nil": "56", "nome_nil": "FORZE ARMATE", "cerchia": "EXTRA-FILOVIARIA", "ambito_id": "36", "ambito_nome": "Bisceglie", "attuazione": "3", "tipologia": "N", "titolare": "THEF CHARGING", "id_via": "6418", "nome_via": "VIA CIVIDALE DEL FRIULI", "localita": "VIA CIVIDALE DEL FRIULI 15", "numero_col": "1", "numero_pdr": "2", "infra": "AC Normal", "progetto": "PROGETTI PRIVATI NUOVA PROCEDURA (dopo 15.10.2018)", "note": "attiva", "ordinanza": "1143/2024", "anno": "2024" }, "geometry": { "type": "Point", "coordinates": [ 9.100168138329266, 45.458621442230935 ] } },
{ "type": "Feature", "properties": { "id_amat": 1143, "municipio": "6", "id_sottonil": "58", "id_nil": "50", "nome_nil": "TORTONA", "cerchia": "FILOVIARIA", "ambito_id": "20", "ambito_nome": "Solari - Bergognone", "attuazione": "3", "tipologia": "N", "titolare": "THEF CHARGING", "id_via": "6100", "nome_via": "VIA LORIA MOISE'", "localita": "VIA LORIA MOISE' fronte civico 24", "numero_col": "1", "numero_pdr": "2", "infra": "AC Normal", "progetto": "PROGETTI PRIVATI NUOVA PROCEDURA (dopo 15.10.2018)", "note": "attiva", "ordinanza": "1012/2024", "anno": "2024" }, "geometry": { "type": "Point", "coordinates": [ 9.160542959431153, 45.454742089588414 ] } },
{ "type": "Feature", "properties": { "id_amat": 1187, "municipio": "3", "id_sottonil": "69", "id_nil": "20", "nome_nil": "LORETO", "cerchia": "EXTRA-FILOVIARIA", "ambito_id": "31", "ambito_nome": "Argonne", "attuazione": "3", "tipologia": "N", "titolare": "THEF CHARGING", "id_via": "2554", "nome_via": "VIA WILDT ADOLFO", "localita": "VIA WILDT ADOLFO 5", "numero_col": "1", "numero_pdr": "2", "infra": "AC Normal", "progetto": "PROGETTI PRIVATI NUOVA PROCEDURA (dopo 15.10.2018)", "note": "attiva", "ordinanza": "1142/2024", "anno": "2024" }, "geometry": { "type": "Point", "coordinates": [ 9.231041682004218, 45.488031461335879 ] } }
]
}
